filename,diff,gamma,#candidates,IRV1,Condorcet1,Plurality1,Approval1IRV2,Condorcet2,Plurality2,Approval2,Approval1,IRV2
Alaska_11082022_HouseDistrict1.csv,[],1,2,"Ortiz, Daniel H. ""Dan""","Ortiz, Daniel H. ""Dan""","Ortiz, Daniel H. ""Dan""",,"Ortiz, Daniel H. ""Dan""","Ortiz, Daniel H. ""Dan""","Ortiz, Daniel H. ""Dan""","Ortiz, Daniel H. ""Dan""","Ortiz, Daniel H. ""Dan"""
Alaska_11082022_HouseDistrict12.csv,[],1,2,"Schrage, Calvin R.","Schrage, Calvin R.","Schrage, Calvin R.",,"Schrage, Calvin R.","Schrage, Calvin R.","Schrage, Calvin R.","Schrage, Calvin R.","Schrage, Calvin R."
Alaska_11082022_HouseDistrict13.csv,[],1,2,"Josephson, Andy","Josephson, Andy","Josephson, Andy",,"Josephson, Andy","Josephson, Andy","Josephson, Andy","Josephson, Andy","Josephson, Andy"
Alaska_11082022_HouseDistrict14.csv,[],1,2,"Galvin, Alyse S.","Galvin, Alyse S.","Galvin, Alyse S.",,"Galvin, Alyse S.","Galvin, Alyse S.","Galvin, Alyse S.","Galvin, Alyse S.","Galvin, Alyse S."
Alaska_11082022_HouseDistrict16.csv,[],1,2,"Armstrong, Jennifer ""Jennie""","Armstrong, Jennifer ""Jennie""","Armstrong, Jennifer ""Jennie""",,"Armstrong, Jennifer ""Jennie""","Armstrong, Jennifer ""Jennie""","Armstrong, Jennifer ""Jennie""","Armstrong, Jennifer ""Jennie""","Armstrong, Jennifer ""Jennie"""
Alaska_11082022_HouseDistrict17.csv,[],1,2,"Fields, William Z. ""Zack""","Fields, William Z. ""Zack""","Fields, William Z. ""Zack""",,"Fields, William Z. ""Zack""","Fields, William Z. ""Zack""","Fields, William Z. ""Zack""","Fields, William Z. ""Zack""","Fields, William Z. ""Zack"""
Alaska_11082022_HouseDistrict19.csv,[],1,2,"Mina, Genevieve G.","Mina, Genevieve G.","Mina, Genevieve G.",,"Mina, Genevieve G.","Mina, Genevieve G.","Mina, Genevieve G.","Mina, Genevieve G.","Mina, Genevieve G."
Alaska_11082022_HouseDistrict2.csv,[],1,2,"Himschoot, Rebecca","Himschoot, Rebecca","Himschoot, Rebecca",,"Himschoot, Rebecca","Himschoot, Rebecca","Himschoot, Rebecca","Himschoot, Rebecca","Himschoot, Rebecca"
Alaska_11082022_HouseDistrict21.csv,[],1,2,"Mears, Donna C.","Mears, Donna C.","Mears, Donna C.",,"Mears, Donna C.","Mears, Donna C.","Wolfe, Forrest M.","Wolfe, Forrest M.","Mears, Donna C."
Alaska_11082022_HouseDistrict22.csv,[],1,2,"Wright, Stanley A.","Wright, Stanley A.","Wright, Stanley A.",,"Wright, Stanley A.","Wright, Stanley A.","Wright, Stanley A.","Wright, Stanley A.","Wright, Stanley A."
Alaska_11082022_HouseDistrict23.csv,[],1,2,"Allard, Jamie","Allard, Jamie","Allard, Jamie",,"Allard, Jamie","Allard, Jamie","Allard, Jamie","Allard, Jamie","Allard, Jamie"
Alaska_11082022_HouseDistrict25.csv,[],1,2,"Johnson, DeLena M.","Johnson, DeLena M.","Johnson, DeLena M.",,"Johnson, DeLena M.","Johnson, DeLena M.","Johnson, DeLena M.","Johnson, DeLena M.","Johnson, DeLena M."
Alaska_11082022_HouseDistrict26.csv,[],1,2,"Tilton, Cathy L.","Tilton, Cathy L.","Tilton, Cathy L.",,"Tilton, Cathy L.","Tilton, Cathy L.","Tilton, Cathy L.","Tilton, Cathy L.","Tilton, Cathy L."
Alaska_11082022_HouseDistrict29.csv,[],1,2,"Rauscher, George","Rauscher, George","Rauscher, George",,"Rauscher, George","Rauscher, George","Rauscher, George","Rauscher, George","Rauscher, George"
Alaska_11082022_HouseDistrict36.csv,[],1,2,"Cronk, Mike","Cronk, Mike","Cronk, Mike",,"Cronk, Mike","Cronk, Mike","Cronk, Mike","Cronk, Mike","Cronk, Mike"
Alaska_11082022_HouseDistrict39.csv,[],1,2,"Foster, Neal W.","Foster, Neal W.","Foster, Neal W.",,"Foster, Neal W.","Foster, Neal W.","Foster, Neal W.","Foster, Neal W.","Foster, Neal W."
Alaska_11082022_HouseDistrict4.csv,[],1,2,"Hannan, Sara","Hannan, Sara","Hannan, Sara",,"Hannan, Sara","Hannan, Sara","Hannan, Sara","Hannan, Sara","Hannan, Sara"
Alaska_11082022_HouseDistrict5.csv,[],1,2,"Stutes, Louise B.","Stutes, Louise B.","Stutes, Louise B.",,"Stutes, Louise B.","Stutes, Louise B.","Stutes, Louise B.","Stutes, Louise B.","Stutes, Louise B."
Alaska_11082022_HouseDistrict7.csv,[],1,2,"Ruffridge, Justin","Ruffridge, Justin","Ruffridge, Justin",,"Ruffridge, Justin","Ruffridge, Justin","Ruffridge, Justin","Ruffridge, Justin","Ruffridge, Justin"
Alaska_11082022_HouseDistrict9.csv,[],1,2,"Shaw, Laddie H.","Shaw, Laddie H.","Shaw, Laddie H.",,"Shaw, Laddie H.","Shaw, Laddie H.","Shaw, Laddie H.","Shaw, Laddie H.","Shaw, Laddie H."
Alaska_11082022_SenateDistrictA.csv,[],1,2,"Stedman, Bert K.","Stedman, Bert K.","Stedman, Bert K.",,"Stedman, Bert K.","Stedman, Bert K.","Stedman, Bert K.","Stedman, Bert K.","Stedman, Bert K."
Alaska_11082022_SenateDistrictF.csv,[],1,2,"Kaufman, James D.","Kaufman, James D.","Kaufman, James D.",,"Kaufman, James D.","Kaufman, James D.","Kaufman, James D.","Kaufman, James D.","Kaufman, James D."
Alaska_11082022_SenateDistrictG.csv,[],1,2,"Gray-Jackson, Elvi","Gray-Jackson, Elvi","Gray-Jackson, Elvi",,"Gray-Jackson, Elvi","Gray-Jackson, Elvi","Gray-Jackson, Elvi","Gray-Jackson, Elvi","Gray-Jackson, Elvi"
Alaska_11082022_SenateDistrictH.csv,[],1,2,"Claman, Matt","Claman, Matt","Claman, Matt",,"Claman, Matt","Claman, Matt","Costello, Mia","Costello, Mia","Claman, Matt"
Alaska_11082022_SenateDistrictI.csv,[],1,2,"Tobin, LÃ¶ki G.","Tobin, LÃ¶ki G.","Tobin, LÃ¶ki G.",,"Tobin, LÃ¶ki G.","Tobin, LÃ¶ki G.","Tobin, LÃ¶ki G.","Tobin, LÃ¶ki G.","Tobin, LÃ¶ki G."
Alaska_11082022_SenateDistrictK.csv,[],1,2,"Wielechowski, Bill","Wielechowski, Bill","Wielechowski, Bill",,"Wielechowski, Bill","Wielechowski, Bill","Wielechowski, Bill","Wielechowski, Bill","Wielechowski, Bill"
Alaska_11082022_SenateDistrictL.csv,[],1,2,"Merrick, Kelly R.","Merrick, Kelly R.","Merrick, Kelly R.",,"Merrick, Kelly R.","Merrick, Kelly R.","Merrick, Kelly R.","Merrick, Kelly R.","Merrick, Kelly R."
Alaska_11082022_SenateDistrictM.csv,[],1,2,"Hughes, Shelley","Hughes, Shelley","Hughes, Shelley",,"Hughes, Shelley","Hughes, Shelley","Hughes, Shelley","Hughes, Shelley","Hughes, Shelley"
Alaska_11082022_SenateDistrictO.csv,[],1,2,"Shower, Michael K.","Shower, Michael K.","Shower, Michael K.",,"Shower, Michael K.","Shower, Michael K.","Shower, Michael K.","Shower, Michael K.","Shower, Michael K."
Alaska_11082022_SenateDistrictS.csv,[],1,2,"Hoffman, Lyman F.","Hoffman, Lyman F.","Hoffman, Lyman F.",,"Hoffman, Lyman F.","Hoffman, Lyman F.","Hoffman, Lyman F.","Hoffman, Lyman F.","Hoffman, Lyman F."
Berkeley_03072017_CityCouncilDistrict4.csv,[],1,2,KATE HARRISON,KATE HARRISON,KATE HARRISON,,KATE HARRISON,KATE HARRISON,KATE HARRISON,KATE HARRISON,KATE HARRISON
Berkeley_11032020_MemberCityCouncilDist6BerkeleyRCV.csv,[],1,2,SUSAN WENGRAF,SUSAN WENGRAF,SUSAN WENGRAF,,SUSAN WENGRAF,SUSAN WENGRAF,SUSAN WENGRAF,SUSAN WENGRAF,SUSAN WENGRAF
Berkeley_11042014_CityCouncilDistrict7.csv,[],1,2,KRISS WORTHINGTON,KRISS WORTHINGTON,KRISS WORTHINGTON,,KRISS WORTHINGTON,KRISS WORTHINGTON,KRISS WORTHINGTON,KRISS WORTHINGTON,KRISS WORTHINGTON
Berkeley_11062012_CityCouncilDistrict3.csv,[],1,2,MAX ANDERSON,MAX ANDERSON,MAX ANDERSON,,MAX ANDERSON,MAX ANDERSON,MAX ANDERSON,MAX ANDERSON,MAX ANDERSON
Berkeley_11062012_CityCouncilDistrict5.csv,[],1,2,LAURIE CAPITELLI,LAURIE CAPITELLI,LAURIE CAPITELLI,,LAURIE CAPITELLI,LAURIE CAPITELLI,LAURIE CAPITELLI,LAURIE CAPITELLI,LAURIE CAPITELLI
Berkeley_11062012_CityCouncilDistrict6.csv,[],1,2,SUSAN WENGRAF,SUSAN WENGRAF,SUSAN WENGRAF,,SUSAN WENGRAF,SUSAN WENGRAF,SUSAN WENGRAF,SUSAN WENGRAF,SUSAN WENGRAF
Berkeley_11062018_CityAuditor.csv,[],1,2,JENNY WONG,JENNY WONG,JENNY WONG,,JENNY WONG,JENNY WONG,JENNY WONG,JENNY WONG,JENNY WONG
Berkeley_11082016_CityCouncilDistrict5.csv,[],1,2,SOPHIE HAHN,SOPHIE HAHN,SOPHIE HAHN,,SOPHIE HAHN,SOPHIE HAHN,SOPHIE HAHN,SOPHIE HAHN,SOPHIE HAHN
Burlington_03072023_CityCouncilCentralDistrict.csv,[],1,2,MELO GRANT,MELO GRANT,MELO GRANT,,MELO GRANT,MELO GRANT,MELO GRANT,MELO GRANT,MELO GRANT
Burlington_03072023_CityCouncilEastDistrict.csv,[],1,2,"TIMOTHY C. DOHERTY,JR","TIMOTHY C. DOHERTY,JR","TIMOTHY C. DOHERTY,JR",,"TIMOTHY C. DOHERTY,JR","TIMOTHY C. DOHERTY,JR","TIMOTHY C. DOHERTY,JR","TIMOTHY C. DOHERTY,JR","TIMOTHY C. DOHERTY,JR"
Minneapolis_11022021_CityCouncilWard6.csv,[],1,2,Jamal Osman,Jamal Osman,Jamal Osman,,Jamal Osman,Jamal Osman,Jamal Osman,Jamal Osman,Jamal Osman
Minneapolis_11022021_CityCouncilWard8.csv,[],1,2,Andrea Jenkins,Andrea Jenkins,Andrea Jenkins,,Andrea Jenkins,Andrea Jenkins,Andrea Jenkins,Andrea Jenkins,Andrea Jenkins
Minneapolis_11022021_ParkBoardDistrict4.csv,[],1,2,Elizabeth Shaffer,Elizabeth Shaffer,Elizabeth Shaffer,,Elizabeth Shaffer,Elizabeth Shaffer,Elizabeth Shaffer,Elizabeth Shaffer,Elizabeth Shaffer
Minneapolis_11052013_PRBoardDistrict2.csv,[],1,2,JON OLSON,JON OLSON,JON OLSON,,JON OLSON,JON OLSON,JON OLSON,JON OLSON,JON OLSON
Minneapolis_11052013_PRBoardDistrict6.csv,[],1,2,BRAD BOURN,BRAD BOURN,BRAD BOURN,,BRAD BOURN,BRAD BOURN,BRAD BOURN,BRAD BOURN,BRAD BOURN
Minneapolis_11062009_PRBoardDistrict2.csv,[],1,2,Jon Olson,Jon Olson,Jon Olson,,Jon Olson,Jon Olson,Jon Olson,Jon Olson,Jon Olson
Minneapolis_11062009_PRBoardDistrict3.csv,[],1,2,Scott Vreeland,Scott Vreeland,Scott Vreeland,,Scott Vreeland,Scott Vreeland,Scott Vreeland,Scott Vreeland,Scott Vreeland
Minneapolis_11062009_Ward2CityCouncil.csv,[],1,2,Cam Gordon,Cam Gordon,Cam Gordon,,Cam Gordon,Cam Gordon,Cam Gordon,Cam Gordon,Cam Gordon
Minneapolis_11072017_PRBoardDistrict2.csv,[],1,2,Kale Severson,Kale Severson,Kale Severson,,Kale Severson,Kale Severson,Kale Severson,Kale Severson,Kale Severson
Minneapolis_11072017_PRBoardDistrict4.csv,[],1,2,Jono Cowgill,Jono Cowgill,Jono Cowgill,,Jono Cowgill,Jono Cowgill,Tom Nordyke,Tom Nordyke,Jono Cowgill
Minneapolis_11072017_Ward13CityCouncil.csv,[],1,2,Linea Palmisano,Linea Palmisano,Linea Palmisano,,Linea Palmisano,Linea Palmisano,Linea Palmisano,Linea Palmisano,Linea Palmisano
Minnetonka_11022021_Mayor.csv,[],1,2,Brad Wiersum,Brad Wiersum,Brad Wiersum,,Brad Wiersum,Brad Wiersum,Brad Wiersum,Brad Wiersum,Brad Wiersum
NewYorkCity_06222021_CONCouncilMember19thCouncilDistrict.csv,[],1,2,John-Alexander Sakelos,John-Alexander Sakelos,John-Alexander Sakelos,,John-Alexander Sakelos,John-Alexander Sakelos,John-Alexander Sakelos,John-Alexander Sakelos,John-Alexander Sakelos
NewYorkCity_06222021_DEMCouncilMember17thCouncilDistrict.csv,[],1,2,Rafael Salamanca Jr.,Rafael Salamanca Jr.,Rafael Salamanca Jr.,,Rafael Salamanca Jr.,Rafael Salamanca Jr.,Rafael Salamanca Jr.,Rafael Salamanca Jr.,Rafael Salamanca Jr.
NewYorkCity_06222021_DEMCouncilMember2ndCouncilDistrict.csv,[],1,2,Carlina Rivera,Carlina Rivera,Carlina Rivera,,Carlina Rivera,Carlina Rivera,Carlina Rivera,Carlina Rivera,Carlina Rivera
NewYorkCity_06222021_DEMCouncilMember30thCouncilDistrict.csv,[],1,2,Robert F. Holden,Robert F. Holden,Robert F. Holden,,Robert F. Holden,Robert F. Holden,Robert F. Holden,Robert F. Holden,Robert F. Holden
NewYorkCity_06222021_DEMCouncilMember41stCouncilDistrict.csv,[],1,2,Darlene Mealy,Darlene Mealy,Darlene Mealy,,Darlene Mealy,Darlene Mealy,Darlene Mealy,Darlene Mealy,Darlene Mealy
NewYorkCity_06222021_REPBoroughPresidentQueens.csv,[],1,2,219566,219566,219566,,219566,219566,219566,219566,219566
NewYorkCity_06222021_REPCouncilMember15thCouncilDistrict.csv,[],1,2,Ariel Rivera-Diaz,Ariel Rivera-Diaz,Ariel Rivera-Diaz,,Ariel Rivera-Diaz,Ariel Rivera-Diaz,Ariel Rivera-Diaz,Ariel Rivera-Diaz,Ariel Rivera-Diaz
NewYorkCity_06222021_REPCouncilMember19thCouncilDistrict.csv,[],1,2,Vickie Paladino,Vickie Paladino,Vickie Paladino,,Vickie Paladino,Vickie Paladino,Vickie Paladino,Vickie Paladino,Vickie Paladino
NewYorkCity_06222021_REPCouncilMember23rdCouncilDistrict.csv,[],1,2,James F. Reilly,James F. Reilly,James F. Reilly,,James F. Reilly,James F. Reilly,James F. Reilly,James F. Reilly,James F. Reilly
NewYorkCity_06222021_REPCouncilMember24thCouncilDistrict.csv,[],1,2,Timothy Rosen,Timothy Rosen,Timothy Rosen,,Timothy Rosen,Timothy Rosen,Timothy Rosen,Timothy Rosen,Timothy Rosen
NewYorkCity_06222021_REPCouncilMember32ndCouncilDistrict.csv,[],1,2,Joann Ariola,Joann Ariola,Joann Ariola,,Joann Ariola,Joann Ariola,Joann Ariola,Joann Ariola,Joann Ariola
NewYorkCity_06222021_REPMayorCitywide.csv,[],1,2,Curtis A. Sliwa,Curtis A. Sliwa,Curtis A. Sliwa,,Curtis A. Sliwa,Curtis A. Sliwa,Curtis A. Sliwa,Curtis A. Sliwa,Curtis A. Sliwa
Oakland_11022010_CityAuditor.csv,[],1,2,COURTNEY RUBY,COURTNEY RUBY,COURTNEY RUBY,,COURTNEY RUBY,COURTNEY RUBY,COURTNEY RUBY,COURTNEY RUBY,COURTNEY RUBY
Oakland_11022010_CityCouncilDistrict2.csv,[],1,2,PATRICIA KERNIGHAN,PATRICIA KERNIGHAN,PATRICIA KERNIGHAN,,PATRICIA KERNIGHAN,PATRICIA KERNIGHAN,PATRICIA KERNIGHAN,PATRICIA KERNIGHAN,PATRICIA KERNIGHAN
Oakland_11022010_SchoolDirectorDistrict4.csv,[],1,2,GARY D. YEE,GARY D. YEE,GARY D. YEE,,GARY D. YEE,GARY D. YEE,GARY D. YEE,GARY D. YEE,GARY D. YEE
Oakland_11032020_CityAttorneyOaklandRCV.csv,[],1,2,BARBARA PARKER,BARBARA PARKER,BARBARA PARKER,,BARBARA PARKER,BARBARA PARKER,BARBARA PARKER,BARBARA PARKER,BARBARA PARKER
Oakland_11042014_CityAuditor.csv,[],1,2,BRENDA ROBERTS,BRENDA ROBERTS,BRENDA ROBERTS,,BRENDA ROBERTS,BRENDA ROBERTS,BRENDA ROBERTS,BRENDA ROBERTS,BRENDA ROBERTS
Oakland_11042014_SchoolDirectorDistrict2.csv,[],1,2,AIMEE ENG,AIMEE ENG,AIMEE ENG,,AIMEE ENG,AIMEE ENG,AIMEE ENG,AIMEE ENG,AIMEE ENG
Oakland_11042014_SchoolDirectorDistrict6.csv,[],1,2,SHANTHI GONZALES,SHANTHI GONZALES,SHANTHI GONZALES,,SHANTHI GONZALES,SHANTHI GONZALES,SHANTHI GONZALES,SHANTHI GONZALES,SHANTHI GONZALES
Oakland_11062012_CityAttorney.csv,[],1,2,BARBARA PARKER,BARBARA PARKER,BARBARA PARKER,,BARBARA PARKER,BARBARA PARKER,BARBARA PARKER,BARBARA PARKER,BARBARA PARKER
Oakland_11062012_SchoolDirectorDistrict1.csv,[],1,2,JODY LONDON,JODY LONDON,JODY LONDON,,JODY LONDON,JODY LONDON,JODY LONDON,JODY LONDON,JODY LONDON
Oakland_11062012_SchoolDirectorDistrict5.csv,[],1,2,ROSIE TORRES,ROSIE TORRES,ROSIE TORRES,,ROSIE TORRES,ROSIE TORRES,ROSIE TORRES,ROSIE TORRES,ROSIE TORRES
Oakland_11062012_SchoolDirectorDistrict7.csv,[],1,2,JAMES HARRIS,JAMES HARRIS,JAMES HARRIS,,JAMES HARRIS,JAMES HARRIS,JAMES HARRIS,JAMES HARRIS,JAMES HARRIS
Oakland_11062018_CityAuditor.csv,[],1,2,COURTNEY RUBY,COURTNEY RUBY,COURTNEY RUBY,,COURTNEY RUBY,COURTNEY RUBY,COURTNEY RUBY,COURTNEY RUBY,COURTNEY RUBY
Oakland_11062018_SchoolDirectorDistrict4.csv,[],1,2,GARY D. YEE,GARY D. YEE,GARY D. YEE,,GARY D. YEE,GARY D. YEE,GARY D. YEE,GARY D. YEE,GARY D. YEE
Oakland_11062018_SchoolDirectorDistrict6.csv,[],1,2,SHANTHI GONZALES,SHANTHI GONZALES,SHANTHI GONZALES,,SHANTHI GONZALES,SHANTHI GONZALES,SHANTHI GONZALES,SHANTHI GONZALES,SHANTHI GONZALES
Oakland_11082016_CityCouncilDistrict1.csv,[],1,2,DAN KALB,DAN KALB,DAN KALB,,DAN KALB,DAN KALB,DAN KALB,DAN KALB,DAN KALB
Oakland_11082016_CityCouncilDistrict3.csv,[],1,2,LYNETTE GIBSON MCELHANEY,LYNETTE GIBSON MCELHANEY,LYNETTE GIBSON MCELHANEY,,LYNETTE GIBSON MCELHANEY,LYNETTE GIBSON MCELHANEY,NONI D. SESSION,NONI D. SESSION,LYNETTE GIBSON MCELHANEY
Oakland_11082016_CityCouncilDistrict5.csv,[],1,2,NOEL GALLO,NOEL GALLO,NOEL GALLO,,NOEL GALLO,NOEL GALLO,NOEL GALLO,NOEL GALLO,NOEL GALLO
Oakland_11082016_SchoolDirectorDistrict1.csv,[],1,2,JODY LONDON,JODY LONDON,JODY LONDON,,JODY LONDON,JODY LONDON,JODY LONDON,JODY LONDON,JODY LONDON
Oakland_11082016_SchoolDirectorDistrict7.csv,[],1,2,JAMES HARRIS,JAMES HARRIS,JAMES HARRIS,,JAMES HARRIS,JAMES HARRIS,JAMES HARRIS,JAMES HARRIS,JAMES HARRIS
Oakland_11082022_CityCouncilmemberDistrict4.csv,[],1,2,JANANI RAMACHANDRAN,JANANI RAMACHANDRAN,JANANI RAMACHANDRAN,,JANANI RAMACHANDRAN,JANANI RAMACHANDRAN,JANANI RAMACHANDRAN,JANANI RAMACHANDRAN,JANANI RAMACHANDRAN
SanFrancisco_11032020_BOARDOFSUPERVISORSDISTRICT9.csv,[],1,2,HILLARY RONEN,HILLARY RONEN,HILLARY RONEN,,HILLARY RONEN,HILLARY RONEN,HILLARY RONEN,HILLARY RONEN,HILLARY RONEN
SanFrancisco_11062018_AssessorRecorder.csv,[],1,2,CARMEN CHU,CARMEN CHU,CARMEN CHU,,CARMEN CHU,CARMEN CHU,CARMEN CHU,CARMEN CHU,CARMEN CHU
SanFrancisco_11062018_BoardofSupervisorsDistrict8.csv,[],1,2,RAFAEL MANDELMAN,RAFAEL MANDELMAN,RAFAEL MANDELMAN,,RAFAEL MANDELMAN,RAFAEL MANDELMAN,RAFAEL MANDELMAN,RAFAEL MANDELMAN,RAFAEL MANDELMAN
SanFrancisco_11072006_BoardofSupervisorsDistrict2.csv,[],1,2,Michela Alioto-pier,Michela Alioto-pier,Michela Alioto-pier,,Michela Alioto-pier,Michela Alioto-pier,Michela Alioto-pier,Michela Alioto-pier,Michela Alioto-pier
SanFrancisco_11082016_BoardofSupervisorsDistrict3.csv,[],1,2,AARON PESKIN,AARON PESKIN,AARON PESKIN,,AARON PESKIN,AARON PESKIN,AARON PESKIN,AARON PESKIN,AARON PESKIN
SanFrancisco_11082016_BoardofSupervisorsDistrict5.csv,[],1,2,LONDON BREED,LONDON BREED,LONDON BREED,,LONDON BREED,LONDON BREED,LONDON BREED,LONDON BREED,LONDON BREED
SanFrancisco_11082022_BoardofSupervisorsD10.csv,[],1,2,SHAMANN WALTON,SHAMANN WALTON,SHAMANN WALTON,,SHAMANN WALTON,SHAMANN WALTON,SHAMANN WALTON,SHAMANN WALTON,SHAMANN WALTON
SanFrancisco_11082022_BoardofSupervisorsD4.csv,[],1,2,JOEL ENGARDIO,JOEL ENGARDIO,JOEL ENGARDIO,,JOEL ENGARDIO,JOEL ENGARDIO,JOEL ENGARDIO,JOEL ENGARDIO,JOEL ENGARDIO
SanFrancisco_11082022_BoardofSupervisorsD8.csv,[],1,2,RAFAEL MANDELMAN,RAFAEL MANDELMAN,RAFAEL MANDELMAN,,RAFAEL MANDELMAN,RAFAEL MANDELMAN,RAFAEL MANDELMAN,RAFAEL MANDELMAN,RAFAEL MANDELMAN
SanFrancisco_11082022_PublicDefender.csv,[],1,2,MANO RAJU,MANO RAJU,MANO RAJU,,MANO RAJU,MANO RAJU,MANO RAJU,MANO RAJU,MANO RAJU
SanLeandro_11022010_CountyCouncilDistrict5.csv,[],1,2,PAULINE RUSSO CUTTER,PAULINE RUSSO CUTTER,PAULINE RUSSO CUTTER,,PAULINE RUSSO CUTTER,PAULINE RUSSO CUTTER,PAULINE RUSSO CUTTER,PAULINE RUSSO CUTTER,PAULINE RUSSO CUTTER
SanLeandro_11032020_MemberCityCouncilDist2SanLeandroRCV.csv,[],1,2,BRYAN AZEVEDO,BRYAN AZEVEDO,BRYAN AZEVEDO,,BRYAN AZEVEDO,BRYAN AZEVEDO,BRYAN AZEVEDO,BRYAN AZEVEDO,BRYAN AZEVEDO
SanLeandro_11032020_MemberCityCouncilDist4SanLeandroRCV.csv,[],1,2,FRED SIMON,FRED SIMON,FRED SIMON,,FRED SIMON,FRED SIMON,FRED SIMON,FRED SIMON,FRED SIMON
SanLeandro_11062012_CountyCouncilDistrict6.csv,[],1,2,JIM PROLA,JIM PROLA,JIM PROLA,,JIM PROLA,JIM PROLA,JIM PROLA,JIM PROLA,JIM PROLA
SanLeandro_11062018_CountyCouncilDistrict3.csv,[],1,2,"VICTOR AGUILAR, JR.","VICTOR AGUILAR, JR.","VICTOR AGUILAR, JR.",,"VICTOR AGUILAR, JR.","VICTOR AGUILAR, JR.",LEE THOMAS,LEE THOMAS,"VICTOR AGUILAR, JR."
SanLeandro_11062018_CountyCouncilDistrict5.csv,[],1,2,CORINA N. LOPEZ,CORINA N. LOPEZ,CORINA N. LOPEZ,,CORINA N. LOPEZ,CORINA N. LOPEZ,CORINA N. LOPEZ,CORINA N. LOPEZ,CORINA N. LOPEZ
SanLeandro_11082016_CountyCouncilDistrict2.csv,[],1,2,ED HERNANDEZ,ED HERNANDEZ,ED HERNANDEZ,,ED HERNANDEZ,ED HERNANDEZ,ED HERNANDEZ,ED HERNANDEZ,ED HERNANDEZ
StLouisPark_11022021_CityCouncilWard2.csv,[],1,2,Lynette Lungay Dumalag,Lynette Lungay Dumalag,Lynette Lungay Dumalag,,Lynette Lungay Dumalag,Lynette Lungay Dumalag,Lynette Lungay Dumalag,Lynette Lungay Dumalag,Lynette Lungay Dumalag
Alaska_08162022_HouseofRepresentativesSpecial.csv,[],0.9553301,3,"Peltola, Mary S.","Begich, Nick","Peltola, Mary S.",,"Begich, Nick","Peltola, Mary S.","Begich, Nick","Begich, Nick","Peltola, Mary S."
Alaska_11082022_HouseDistrict10.csv,[],0.907753421,3,"Johnson, Craig W.","Johnson, Craig W.","Johnson, Craig W.",,"Johnson, Craig W.","Johnson, Craig W.","Johnson, Craig W.","Johnson, Craig W.","Johnson, Craig W."
Alaska_11082022_HouseDistrict11.csv,[],0.928896992,3,"Coulombe, Julie","Coulombe, Julie","Featherly, Walter T.",,"Coulombe, Julie","Featherly, Walter T.","Coulombe, Julie","Coulombe, Julie","Coulombe, Julie"
Alaska_11082022_HouseDistrict15.csv,['Approval'],0.937964237,3,"McKay, Thomas W. ""Tom""","McKay, Thomas W. ""Tom""","Wells, Denny",,"McKay, Thomas W. ""Tom""","Wells, Denny","Eibeck, David","McKay, Thomas W. ""Tom""","McKay, Thomas W. ""Tom"""
Alaska_11082022_HouseDistrict18.csv,[],0.930155734,3,"Groh, Cliff","Groh, Cliff","Nelson, David",,"Groh, Cliff","Nelson, David","Groh, Cliff","Groh, Cliff","Groh, Cliff"
Alaska_11082022_HouseDistrict24.csv,[],0.928133333,3,"Saddler, Dan","Saddler, Dan","Saddler, Dan",,"Saddler, Dan","Saddler, Dan","Saddler, Dan","Saddler, Dan","Saddler, Dan"
Alaska_11082022_HouseDistrict27.csv,['Approval'],0.86332737,3,"Eastman, David","Eastman, David","Eastman, David",,"Eastman, David","Eastman, David","Carpenter, Brendan R.","Eastman, David","Eastman, David"
Alaska_11082022_HouseDistrict30.csv,[],0.940005309,3,"McCabe, Kevin J.","McCabe, Kevin J.","McCabe, Kevin J.",,"McCabe, Kevin J.","McCabe, Kevin J.","McCabe, Kevin J.","McCabe, Kevin J.","McCabe, Kevin J."
Alaska_11082022_HouseDistrict31.csv,"['IRV', 'Condorcet', 'Approval']",0.897693672,3,"Dibert, Maxine L.","Dibert, Maxine L.","Dibert, Maxine L.",,"LeBon, Barton S.","Dibert, Maxine L.","LeBon, Barton S.","Dibert, Maxine L.","LeBon, Barton S."
Alaska_11082022_HouseDistrict32.csv,[],0.883075953,3,"Stapp, Will B.","Stapp, Will B.","Stapp, Will B.",,"Stapp, Will B.","Stapp, Will B.","Stapp, Will B.","Stapp, Will B.","Stapp, Will B."
Alaska_11082022_HouseDistrict34.csv,[],0.895799458,3,"Tomaszewski, Frank J.","Tomaszewski, Frank J.","Tomaszewski, Frank J.",,"Tomaszewski, Frank J.","Tomaszewski, Frank J.","Tomaszewski, Frank J.","Tomaszewski, Frank J.","Tomaszewski, Frank J."
Alaska_11082022_HouseDistrict6.csv,[],0.88257536,3,"Vance, Sarah L.","Vance, Sarah L.","Vance, Sarah L.",,"Vance, Sarah L.","Vance, Sarah L.","Vance, Sarah L.","Vance, Sarah L.","Vance, Sarah L."
Alaska_11082022_SenateDistrictC.csv,[],0.927595335,3,"Stevens, Gary","Stevens, Gary","Stevens, Gary",,"Stevens, Gary","Stevens, Gary","Stevens, Gary","Stevens, Gary","Stevens, Gary"
Alaska_11082022_SenateDistrictD.csv,"['IRV', 'Condorcet', 'Plurality', 'Approval']",0.894290225,3,"Bjorkman, Jesse J.","Bjorkman, Jesse J.","Bjorkman, Jesse J.",,"Babcock, Tuckerman","Babcock, Tuckerman","Babcock, Tuckerman","Bjorkman, Jesse J.","Babcock, Tuckerman"
Alaska_11082022_SenateDistrictE.csv,[],0.960562537,3,"Giessel, Cathy","Giessel, Cathy","Giessel, Cathy",,"Giessel, Cathy","Giessel, Cathy","Giessel, Cathy","Giessel, Cathy","Giessel, Cathy"
Alaska_11082022_SenateDistrictJ.csv,[],0.93283237,3,"Dunbar, Forrest","Dunbar, Forrest","Dunbar, Forrest",,"Dunbar, Forrest","Dunbar, Forrest","Dunbar, Forrest","Dunbar, Forrest","Dunbar, Forrest"
Alaska_11082022_SenateDistrictN.csv,"['IRV', 'Condorcet', 'Approval']",0.826452004,3,"Wilson, David S.","Wilson, David S.","Wilson, David S.",,"Wright, Stephen","Wilson, David S.","Wright, Stephen","Wilson, David S.","Wright, Stephen"
Alaska_11082022_SenateDistrictP.csv,"['IRV', 'Condorcet']",0.81290169,3,"Kawasaki, Scott","Kawasaki, Scott","Kawasaki, Scott",,"Matherly, Jim","Kawasaki, Scott","Matherly, Jim","Matherly, Jim","Matherly, Jim"
Alaska_11082022_SenateDistrictQ.csv,[],0.859022701,3,"Myers, Robert H. Jr.","Myers, Robert H. Jr.","Myers, Robert H. Jr.",,"Myers, Robert H. Jr.","Myers, Robert H. Jr.","Myers, Robert H. Jr.","Myers, Robert H. Jr.","Myers, Robert H. Jr."
Alaska_11082022_SenateDistrictR.csv,[],0.865541049,3,"Bishop, Click","Bishop, Click","Bishop, Click",,"Bishop, Click","Bishop, Click","Bishop, Click","Bishop, Click","Bishop, Click"
Berkeley_11022010_CityCouncilDistrict7.csv,['Approval'],0.684096906,3,KRISS WORTHINGTON,KRISS WORTHINGTON,KRISS WORTHINGTON,,KRISS WORTHINGTON,KRISS WORTHINGTON,CECILIA ''CES'' ROSALES,KRISS WORTHINGTON,KRISS WORTHINGTON
Berkeley_11022010_CityCouncilDistrict8.csv,['Approval'],0.748583878,3,GORDON WOZNIAK,GORDON WOZNIAK,GORDON WOZNIAK,,GORDON WOZNIAK,GORDON WOZNIAK,STEWART JONES,GORDON WOZNIAK,GORDON WOZNIAK
Berkeley_11032020_MemberCityCouncilDist3BerkeleyRCV.csv,[],0.888917726,3,BEN BARTLETT,BEN BARTLETT,BEN BARTLETT,,BEN BARTLETT,BEN BARTLETT,BEN BARTLETT,BEN BARTLETT,BEN BARTLETT
Berkeley_11032020_MemberCityCouncilDist5BerkeleyRCV.csv,[],0.833083758,3,SOPHIE HAHN,SOPHIE HAHN,SOPHIE HAHN,,SOPHIE HAHN,SOPHIE HAHN,SOPHIE HAHN,SOPHIE HAHN,SOPHIE HAHN
Berkeley_11042014_CityCouncilDistrict1.csv,[],0.906300485,3,LINDA MAIO,LINDA MAIO,LINDA MAIO,,LINDA MAIO,LINDA MAIO,LINDA MAIO,LINDA MAIO,LINDA MAIO
Berkeley_11062012_CityCouncilDistrict2.csv,[],0.889732528,3,DARRYL MOORE,DARRYL MOORE,DARRYL MOORE,,DARRYL MOORE,DARRYL MOORE,DARRYL MOORE,DARRYL MOORE,DARRYL MOORE
Berkeley_11062018_CityCouncilDistrict4.csv,"['IRV', 'Condorcet', 'Approval']",0.854485777,3,KATE HARRISON,KATE HARRISON,KATE HARRISON,,BEN GOULD,KATE HARRISON,BEN GOULD,KATE HARRISON,BEN GOULD
Berkeley_11062018_CityCouncilDistrict7.csv,[],0.912224591,3,RIGEL ROBINSON,RIGEL ROBINSON,RIGEL ROBINSON,,RIGEL ROBINSON,RIGEL ROBINSON,RIGEL ROBINSON,RIGEL ROBINSON,RIGEL ROBINSON
Berkeley_11082016_CityCouncilDistrict2.csv,['Plurality'],0.830067189,3,CHERYL DAVILA,CHERYL DAVILA,DARRYL MOORE,,CHERYL DAVILA,CHERYL DAVILA,CHERYL DAVILA,CHERYL DAVILA,CHERYL DAVILA
Berkeley_11082016_CityCouncilDistrict6.csv,[],0.828131279,3,SUSAN WENGRAF,SUSAN WENGRAF,SUSAN WENGRAF,,SUSAN WENGRAF,SUSAN WENGRAF,SUSAN WENGRAF,SUSAN WENGRAF,SUSAN WENGRAF
Burlington_03072023_CityCouncilSouthDistrict.csv,[],0.856632957,3,JOAN SHANNON,JOAN SHANNON,JOAN SHANNON,,JOAN SHANNON,JOAN SHANNON,JOAN SHANNON,JOAN SHANNON,JOAN SHANNON
Corvallis_11082022_CityCouncilWard9.csv,[],0.83195706,3,Tony Cadena,Tony Cadena,Tony Cadena,,Tony Cadena,Tony Cadena,Tony Cadena,Tony Cadena,Tony Cadena
Corvallis_11082022_Mayor.csv,"['IRV', 'Condorcet', 'Plurality']",0.788546469,3,Charles Maughan,Charles Maughan,Charles Maughan,,Andrew Struthers,Andrew Struthers,Andrew Struthers,Andrew Struthers,Andrew Struthers
ElkRidge_11022021_Mayor.csv,[],0.894576012,3,ROBERT HADDOCK,ROBERT HADDOCK,ROBERT HADDOCK,,ROBERT HADDOCK,ROBERT HADDOCK,ROBERT HADDOCK,ROBERT HADDOCK,ROBERT HADDOCK
LasCruces_11052019_COUNCILORPOSITION4CITYOFLASCRUCESDISTRICT4COUNCILOR.csv,['Approval'],0.755769231,3,JOHANA BENCOMO,JOHANA BENCOMO,JOHANA BENCOMO,,JOHANA BENCOMO,JOHANA BENCOMO,ANTOINETTE M REYES,JOHANA BENCOMO,JOHANA BENCOMO
Maine_07142020_DemocraticCandidateforMaineStateHouseDistrict41.csv,"['IRV', 'Condorcet', 'Plurality', 'Approval']",0.788431062,3,"Zager, Samuel Lewis","Zager, Samuel Lewis","Zager, Samuel Lewis",,"Grant, Benjamin K.","Grant, Benjamin K.","Grant, Benjamin K.","Zager, Samuel Lewis","Grant, Benjamin K."
Maine_07142020_DemocraticCandidateforMaineStateHouseDistrict47.csv,[],0.794471154,3,"Bell, Arthur L.","Bell, Arthur L.","Bell, Arthur L.",,"Bell, Arthur L.","Bell, Arthur L.","Bell, Arthur L.","Bell, Arthur L.","Bell, Arthur L."
Maine_07142020_DemocraticCandidateforMaineStateHouseDistrict49.csv,"['IRV', 'Condorcet', 'Plurality', 'Approval']",0.735267035,3,"Arford, Poppy","Arford, Poppy","Arford, Poppy",,"Perreault, Corinne Ann","Perreault, Corinne Ann","Perreault, Corinne Ann","Arford, Poppy","Perreault, Corinne Ann"
Maine_07142020_DemocraticCandidateforMaineStateHouseDistrict90.csv,"['IRV', 'Condorcet', 'Plurality', 'Approval']",0.77821587,3,"Crafts, Lydia V.","Crafts, Lydia V.","Crafts, Lydia V.",,"Pieh, Wendy","Pieh, Wendy","Pieh, Wendy","Crafts, Lydia V.","Pieh, Wendy"
Maine_07142020_DemocraticCandidateforMaineStateSenateDistrict11.csv,"['IRV', 'Condorcet', 'Plurality', 'Approval']",0.749433107,3,"Curry, Glenn Chip","Curry, Glenn Chip","Curry, Glenn Chip",,"Stanicki, Robyn M.","Stanicki, Robyn M.","Stanicki, Robyn M.","Curry, Glenn Chip","Stanicki, Robyn M."
Maine_07142020_RepublicanCandidateforUSHouseofRepresentativesDistrict2.csv,[],0.848793606,3,"Crafts, Dale John","Crafts, Dale John","Crafts, Dale John",,"Crafts, Dale John","Crafts, Dale John","Crafts, Dale John","Crafts, Dale John","Crafts, Dale John"
Maine_11082022_CongressionalDistrict2.csv,[],0.934384502,3,"Golden, Jared Forrest","Golden, Jared Forrest","Golden, Jared Forrest",,"Golden, Jared Forrest","Golden, Jared Forrest","Golden, Jared Forrest","Golden, Jared Forrest","Golden, Jared Forrest"
Minneapolis_11022021_CityCouncilWard12.csv,[],0.962597911,3,Andrew Johnson,Andrew Johnson,Andrew Johnson,,Andrew Johnson,Andrew Johnson,Andrew Johnson,Andrew Johnson,Andrew Johnson
Minneapolis_11022021_CityCouncilWard4.csv,[],0.839569239,3,LaTrisha Vetaw,LaTrisha Vetaw,LaTrisha Vetaw,,LaTrisha Vetaw,LaTrisha Vetaw,LaTrisha Vetaw,LaTrisha Vetaw,LaTrisha Vetaw
Minneapolis_11022021_ParkBoardDistrict2.csv,"['IRV', 'Condorcet', 'Approval']",0.806625721,3,Becka Thompson,Becka Thompson,Becka Thompson,,Eric Moran,Becka Thompson,Eric Moran,Becka Thompson,Eric Moran
Minneapolis_11022021_ParkBoardDistrict3.csv,[],0.903329824,3,Becky Alper,Becky Alper,Becky Alper,,Becky Alper,Becky Alper,Becky Alper,Becky Alper,Becky Alper
Minneapolis_11022021_ParkBoardDistrict5.csv,[],0.868590475,3,Steffanie Musich,Steffanie Musich,Steffanie Musich,,Steffanie Musich,Steffanie Musich,Steffanie Musich,Steffanie Musich,Steffanie Musich
Minneapolis_11062009_PRBoardDistrict1.csv,[],0.903009458,3,Liz Wielinski,Liz Wielinski,Liz Wielinski,,Liz Wielinski,Liz Wielinski,Liz Wielinski,Liz Wielinski,Liz Wielinski
Minneapolis_11062009_Ward11CityCouncil.csv,[],0.972229172,3,John Quincy,John Quincy,John Quincy,,John Quincy,John Quincy,John Quincy,John Quincy,John Quincy
Minneapolis_11062009_Ward13CityCouncil.csv,[],0.928404149,3,Betsy Hodges,Betsy Hodges,Betsy Hodges,,Betsy Hodges,Betsy Hodges,Betsy Hodges,Betsy Hodges,Betsy Hodges
Minneapolis_11062009_Ward7CityCouncil.csv,[],0.888177453,3,Lisa Goodman,Lisa Goodman,Lisa Goodman,,Lisa Goodman,Lisa Goodman,Lisa Goodman,Lisa Goodman,Lisa Goodman
Minneapolis_11072017_PRBoardDistrict1.csv,[],0.877442024,3,Chris Meyer,Chris Meyer,Chris Meyer,,Chris Meyer,Chris Meyer,Chris Meyer,Chris Meyer,Chris Meyer
Minneapolis_11072017_PRBoardDistrict3.csv,[],0.932816892,3,AK Hassan,AK Hassan,AK Hassan,,AK Hassan,AK Hassan,AK Hassan,AK Hassan,AK Hassan
Minneapolis_11072017_PRBoardDistrict5.csv,[],0.885457921,3,Steffanie Musich,Steffanie Musich,Steffanie Musich,,Steffanie Musich,Steffanie Musich,Steffanie Musich,Steffanie Musich,Steffanie Musich
Minneapolis_11072017_Ward11CityCouncil.csv,[],0.814867528,3,Jeremy Schroeder,Jeremy Schroeder,Jeremy Schroeder,,Jeremy Schroeder,Jeremy Schroeder,Jeremy Schroeder,Jeremy Schroeder,Jeremy Schroeder
Minneapolis_11072017_Ward12CityCouncil.csv,[],0.85499114,3,Andrew Johnson,Andrew Johnson,Andrew Johnson,,Andrew Johnson,Andrew Johnson,Andrew Johnson,Andrew Johnson,Andrew Johnson
Minneapolis_11072017_Ward1CityCouncil.csv,"['IRV', 'Condorcet', 'Plurality', 'Approval']",0.885029803,3,Kevin Reich,Kevin Reich,Kevin Reich,,Jillia Pessenda,Jillia Pessenda,Jillia Pessenda,Kevin Reich,Jillia Pessenda
NewYorkCity_06222021_DEMBoroughPresidentQueens.csv,"['IRV', 'Condorcet', 'Plurality']",0.870628046,3,Donovan J. Richards Jr.,Donovan J. Richards Jr.,Donovan J. Richards Jr.,,Elizabeth S. Crowley,Elizabeth S. Crowley,Elizabeth S. Crowley,Elizabeth S. Crowley,Elizabeth S. Crowley
NewYorkCity_06222021_DEMCouncilMember12thCouncilDistrict.csv,"['IRV', 'Condorcet', 'Approval']",0.811544894,3,Kevin Riley,Kevin Riley,Kevin Riley,,Pamela A. Hamilton-Johnson,Kevin Riley,Pamela A. Hamilton-Johnson,Kevin Riley,Pamela A. Hamilton-Johnson
NewYorkCity_06222021_DEMCouncilMember28thCouncilDistrict.csv,[],0.846713247,3,Adrienne E. Adams,Adrienne E. Adams,Adrienne E. Adams,,Adrienne E. Adams,Adrienne E. Adams,Adrienne E. Adams,Adrienne E. Adams,Adrienne E. Adams
NewYorkCity_06222021_DEMCouncilMember31stCouncilDistrict.csv,[],0.845100369,3,Selvena N. Brooks-Powers,Selvena N. Brooks-Powers,Selvena N. Brooks-Powers,,Selvena N. Brooks-Powers,Selvena N. Brooks-Powers,Selvena N. Brooks-Powers,Selvena N. Brooks-Powers,Selvena N. Brooks-Powers
NewYorkCity_06222021_DEMCouncilMember45thCouncilDistrict.csv,[],0.910326933,3,Farah N. Louis,Farah N. Louis,Farah N. Louis,,Farah N. Louis,Farah N. Louis,Farah N. Louis,Farah N. Louis,Farah N. Louis
NewYorkCity_06222021_DEMPublicAdvocateCitywide.csv,[],0.874147063,3,Jumaane D. Williams,Jumaane D. Williams,Jumaane D. Williams,,Jumaane D. Williams,Jumaane D. Williams,Jumaane D. Williams,Jumaane D. Williams,Jumaane D. Williams
Oakland_11022010_CityCouncilDistrict6.csv,[],0.773624495,3,DESLEY BROOKS,DESLEY BROOKS,DESLEY BROOKS,,DESLEY BROOKS,DESLEY BROOKS,DESLEY BROOKS,DESLEY BROOKS,DESLEY BROOKS
Oakland_11032020_MemberCityCouncilAtLargeOaklandRCV.csv,"['IRV', 'Condorcet', 'Plurality', 'Approval']",0.856818206,3,REBECCA KAPLAN,REBECCA KAPLAN,REBECCA KAPLAN,,DERRECK B. JOHNSON,DERRECK B. JOHNSON,DERRECK B. JOHNSON,REBECCA KAPLAN,DERRECK B. JOHNSON
Oakland_11032020_MemberCityCouncilDist1OaklandRCV.csv,['Approval'],0.795283275,3,DAN KALB,DAN KALB,DAN KALB,,DAN KALB,DAN KALB,STEPH DOMINGUEZ WALTON,DAN KALB,DAN KALB
Oakland_11032020_MemberCityCouncilDist5OaklandRCV.csv,"['IRV', 'Condorcet', 'Approval']",0.836731246,3,NOEL GALLO,NOEL GALLO,NOEL GALLO,,RICHARD SANTOS RAYA,NOEL GALLO,RICHARD SANTOS RAYA,NOEL GALLO,RICHARD SANTOS RAYA
Oakland_11032020_SchoolDirectorDist1OaklandRCV.csv,[],0.926570385,3,SAM DAVIS,SAM DAVIS,SAM DAVIS,,SAM DAVIS,SAM DAVIS,SAM DAVIS,SAM DAVIS,SAM DAVIS
Oakland_11042014_CityCouncilDistrict4.csv,[],0.900649167,3,ANNIE CAMPBELL WASHINGTON,ANNIE CAMPBELL WASHINGTON,ANNIE CAMPBELL WASHINGTON,,ANNIE CAMPBELL WASHINGTON,ANNIE CAMPBELL WASHINGTON,ANNIE CAMPBELL WASHINGTON,ANNIE CAMPBELL WASHINGTON,ANNIE CAMPBELL WASHINGTON
Oakland_11062012_CityCouncilDistrict7.csv,['Approval'],0.868008799,3,LARRY E. REID,LARRY E. REID,LARRY E. REID,,LARRY E. REID,LARRY E. REID,SHERYL WALTON,LARRY E. REID,LARRY E. REID
Oakland_11062012_SchoolDirectorDistrict3.csv,"['IRV', 'Condorcet', 'Approval']",0.760374703,3,JUMOKE HINTON HODGE,JUMOKE HINTON HODGE,JUMOKE HINTON HODGE,,RICHARD FUENTES,JUMOKE HINTON HODGE,RICHARD FUENTES,JUMOKE HINTON HODGE,RICHARD FUENTES
Oakland_11062018_CityCouncilDistrict2.csv,[],0.931546627,3,NIKKI FORTUNATO BAS,NIKKI FORTUNATO BAS,NIKKI FORTUNATO BAS,,NIKKI FORTUNATO BAS,NIKKI FORTUNATO BAS,NIKKI FORTUNATO BAS,NIKKI FORTUNATO BAS,NIKKI FORTUNATO BAS
Oakland_11082016_CityCouncilDistrict7.csv,['Approval'],0.837565063,3,LARRY E. REID,LARRY E. REID,LARRY E. REID,,LARRY E. REID,LARRY E. REID,MARCIE HODGE,LARRY E. REID,LARRY E. REID
Oakland_11082022_Schoolboarddistrict2.csv,[],0.95417522,3,JENNIFER BROUHARD,JENNIFER BROUHARD,JENNIFER BROUHARD,,JENNIFER BROUHARD,JENNIFER BROUHARD,JENNIFER BROUHARD,JENNIFER BROUHARD,JENNIFER BROUHARD
Oakland_11082022_Schoolboarddistrict4.csv,"['Condorcet', 'Plurality']",0.798392574,3,MIKE HUTCHINSON,-1,NICK RESNICK,,MIKE HUTCHINSON,MIKE HUTCHINSON,MIKE HUTCHINSON,MIKE HUTCHINSON,MIKE HUTCHINSON
Oakland_11082022_Schoolboarddistrict6.csv,[],0.899346405,3,VALARIE BACHELOR,VALARIE BACHELOR,VALARIE BACHELOR,,VALARIE BACHELOR,VALARIE BACHELOR,VALARIE BACHELOR,VALARIE BACHELOR,VALARIE BACHELOR
PierceCounty_11032009_CountyAuditor.csv,"['IRV', 'Condorcet', 'Plurality', 'Approval']",0.859795511,3,Julie Anderson,Julie Anderson,Julie Anderson,,Jan Shabro,Jan Shabro,Jan Shabro,Julie Anderson,Jan Shabro
PierceCounty_11042008_CountyCouncilDistrict2.csv,"['IRV', 'Condorcet', 'Approval']",0.875365872,3,Joyce McDonald,Joyce McDonald,Joyce McDonald,,Al Rose,Joyce McDonald,Al Rose,Joyce McDonald,Al Rose
Portland_11082022_SchoolBoardDistrict3.csv,[],0.937429628,3,"Opperman, Julianne R.","Opperman, Julianne R.","Opperman, Julianne R.",,"Opperman, Julianne R.","Opperman, Julianne R.","Opperman, Julianne R.","Opperman, Julianne R.","Opperman, Julianne R."
SanFrancisco_06052018_BoardofSupervisorsDistrict8.csv,[],0.92580015,3,RAFAEL MANDELMAN,RAFAEL MANDELMAN,RAFAEL MANDELMAN,,RAFAEL MANDELMAN,RAFAEL MANDELMAN,RAFAEL MANDELMAN,RAFAEL MANDELMAN,RAFAEL MANDELMAN
SanFrancisco_11032015_BoardofSupervisorsDistrict3.csv,[],0.81483477,3,AARON PESKIN,AARON PESKIN,AARON PESKIN,,AARON PESKIN,AARON PESKIN,AARON PESKIN,AARON PESKIN,AARON PESKIN
SanFrancisco_11032015_Sheriff.csv,[],0.948835733,3,VICKI HENNESSY,VICKI HENNESSY,VICKI HENNESSY,,VICKI HENNESSY,VICKI HENNESSY,VICKI HENNESSY,VICKI HENNESSY,VICKI HENNESSY
SanFrancisco_11042008_BoardofSupervisorsDistrict4.csv,"['IRV', 'Condorcet', 'Approval']",0.826714679,3,CARMEN CHU,CARMEN CHU,CARMEN CHU,,RON DUDUM,CARMEN CHU,RON DUDUM,CARMEN CHU,RON DUDUM
SanFrancisco_11042008_BoardofSupervisorsDistrict5.csv,[],0.834231655,3,ROSS MIRKARIMI,ROSS MIRKARIMI,ROSS MIRKARIMI,,ROSS MIRKARIMI,ROSS MIRKARIMI,ROSS MIRKARIMI,ROSS MIRKARIMI,ROSS MIRKARIMI
SanFrancisco_11042008_BoardofSupervisorsDistrict7.csv,[],0.895594487,3,SEAN R. ELSBERND,SEAN R. ELSBERND,SEAN R. ELSBERND,,SEAN R. ELSBERND,SEAN R. ELSBERND,SEAN R. ELSBERND,SEAN R. ELSBERND,SEAN R. ELSBERND
SanFrancisco_11062018_BoardofSupervisorsDistrict6.csv,['Approval'],0.794535131,3,MATT HANEY,MATT HANEY,MATT HANEY,,MATT HANEY,MATT HANEY,CHRISTINE JOHNSON,MATT HANEY,MATT HANEY
SanFrancisco_11072006_BoardofSupervisorsDistrict8.csv,[],0.921735566,3,Bevan Dufty,Bevan Dufty,Bevan Dufty,,Bevan Dufty,Bevan Dufty,Bevan Dufty,Bevan Dufty,Bevan Dufty
SanLeandro_11022010_CountyCouncilDistrict1.csv,[],0.99654118,3,MICHAEL J. GREGORY,MICHAEL J. GREGORY,MICHAEL J. GREGORY,,MICHAEL J. GREGORY,MICHAEL J. GREGORY,MICHAEL J. GREGORY,MICHAEL J. GREGORY,MICHAEL J. GREGORY
SanLeandro_11042014_CountyCouncilDistrict3.csv,['Approval'],0.886009998,3,LEE THOMAS,LEE THOMAS,LEE THOMAS,,LEE THOMAS,LEE THOMAS,VICTOR AGUILAR,LEE THOMAS,LEE THOMAS
SanLeandro_11042014_CountyCouncilDistrict5.csv,['Approval'],0.765290156,3,CORINA LOPEZ,CORINA LOPEZ,CORINA LOPEZ,,CORINA LOPEZ,CORINA LOPEZ,MIA OUSLEY,CORINA LOPEZ,CORINA LOPEZ
SanLeandro_11062012_CountyCouncilDistrict2.csv,"['IRV', 'Condorcet', 'Plurality']",0.876494967,3,URSULA REED,URSULA REED,URSULA REED,,MORGAN MACK-ROSE,MORGAN MACK-ROSE,MORGAN MACK-ROSE,MORGAN MACK-ROSE,MORGAN MACK-ROSE
SanLeandro_11062018_CountyCouncilDistrict1.csv,[],0.703044666,3,DEBORAH COX,DEBORAH COX,DEBORAH COX,,DEBORAH COX,DEBORAH COX,DEBORAH COX,DEBORAH COX,DEBORAH COX
SantaFe_03062018_CityCouncilDistrict2.csv,['Approval'],0.846436561,3,Carol Romero-Wirth,Carol Romero-Wirth,Carol Romero-Wirth,,Carol Romero-Wirth,Carol Romero-Wirth,Nate Downey,Carol Romero-Wirth,Carol Romero-Wirth
SantaFe_03062018_CityCouncilDistrict4.csv,"['IRV', 'Condorcet', 'Plurality', 'Approval']",0.68325515,3,JoAnne Vigil Coppler,JoAnne Vigil Coppler,JoAnne Vigil Coppler,,Eric John Holmes,Eric John Holmes,Eric John Holmes,JoAnne Vigil Coppler,Eric John Holmes
Springville_11022021_CityCouncil2yr.csv,[],0.882741536,3,CHRIS SORENSEN,CHRIS SORENSEN,CHRIS SORENSEN,,CHRIS SORENSEN,CHRIS SORENSEN,CHRIS SORENSEN,CHRIS SORENSEN,CHRIS SORENSEN
Springville_11022021_Mayor.csv,[],0.709803922,3,MATT PACKARD,MATT PACKARD,MATT PACKARD,,MATT PACKARD,MATT PACKARD,MATT PACKARD,MATT PACKARD,MATT PACKARD
StLouisPark_11022021_CityCouncilWard3.csv,[],0.886651752,3,Sue Budd,Sue Budd,Sue Budd,,Sue Budd,Sue Budd,Sue Budd,Sue Budd,Sue Budd
TakomaPark_11082022_CityCouncilWard1.csv,[],0.754966887,3,Shana Fulcher,Shana Fulcher,Shana Fulcher,,Shana Fulcher,Shana Fulcher,Shana Fulcher,Shana Fulcher,Shana Fulcher
TakomaPark_11082022_CityCouncilWard5.csv,"['IRV', 'Condorcet', 'Approval']",0.800821355,3,Cara Honzak,Cara Honzak,Cara Honzak,,A. J. Campbell,Cara Honzak,A. J. Campbell,Cara Honzak,A. J. Campbell
Vineyard_11022021_Mayor.csv,[],0.793754066,3,JULIE FULLMER,JULIE FULLMER,JULIE FULLMER,,JULIE FULLMER,JULIE FULLMER,JULIE FULLMER,JULIE FULLMER,JULIE FULLMER
WoodlandHills_11022021_Mayor.csv,"['IRV', 'Condorcet', 'Approval']",0.832061069,3,BRENT WINDER,BRENT WINDER,BRENT WINDER,,BENJAMIN J HILLYARD,BRENT WINDER,BENJAMIN J HILLYARD,BRENT WINDER,BENJAMIN J HILLYARD
Alaska_11082022_GovernorLieutenantGovernor.csv,[],0.814704881,4,Dunleavy/Dahlstrom,Dunleavy/Dahlstrom,Dunleavy/Dahlstrom,,Dunleavy/Dahlstrom,Dunleavy/Dahlstrom,Dunleavy/Dahlstrom,Dunleavy/Dahlstrom,Dunleavy/Dahlstrom
Alaska_11082022_HouseDistrict20.csv,[],0.800398804,4,"Gray, Andrew T.","Gray, Andrew T.","Gray, Andrew T.",,"Gray, Andrew T.","Gray, Andrew T.","Gray, Andrew T.","Gray, Andrew T.","Gray, Andrew T."
Alaska_11082022_HouseDistrict28.csv,[],0.670080591,4,"Sumner, Jesse M.","Sumner, Jesse M.","Sumner, Jesse M.",,"Sumner, Jesse M.","Sumner, Jesse M.","Sumner, Jesse M.","Sumner, Jesse M.","Sumner, Jesse M."
Alaska_11082022_HouseDistrict35.csv,[],0.829340115,4,"Carrick, Ashley E.","Carrick, Ashley E.","Carrick, Ashley E.",,"Carrick, Ashley E.","Carrick, Ashley E.","Carrick, Ashley E.","Carrick, Ashley E.","Carrick, Ashley E."
Alaska_11082022_USRepresentative.csv,"['IRV', 'Condorcet']",0.753279641,4,"Peltola, Mary S.","Peltola, Mary S.","Peltola, Mary S.",,"Begich, Nick","Peltola, Mary S.","Begich, Nick","Begich, Nick","Palin, Sarah"
Alaska_11082022_USSenator.csv,[],0.831821701,4,"Murkowski, Lisa","Murkowski, Lisa","Murkowski, Lisa",,"Murkowski, Lisa","Murkowski, Lisa","Murkowski, Lisa","Murkowski, Lisa","Murkowski, Lisa"
Berkeley_11022010_CityCouncilDistrict1.csv,[],0.787372494,4,LINDA MAIO,LINDA MAIO,LINDA MAIO,,LINDA MAIO,LINDA MAIO,LINDA MAIO,LINDA MAIO,LINDA MAIO
Berkeley_11022010_CityCouncilDistrict4.csv,[],0.665615142,4,JESSE ARREGUIN,JESSE ARREGUIN,JESSE ARREGUIN,,JESSE ARREGUIN,JESSE ARREGUIN,JESSE ARREGUIN,JESSE ARREGUIN,JESSE ARREGUIN
Berkeley_11032020_MayorBerkeleyRCV.csv,[],0.783319622,4,JESSE ARREGUÃN,JESSE ARREGUÃN,JESSE ARREGUÃN,,JESSE ARREGUÃN,JESSE ARREGUÃN,JESSE ARREGUÃN,JESSE ARREGUÃN,JESSE ARREGUÃN
Berkeley_11032020_MemberCityCouncilDist2BerkeleyRCV.csv,[],0.693770572,4,TERRY TAPLIN,TERRY TAPLIN,TERRY TAPLIN,,TERRY TAPLIN,TERRY TAPLIN,TERRY TAPLIN,TERRY TAPLIN,TERRY TAPLIN
Berkeley_11042014_CityCouncilDistrict8.csv,"['IRV', 'Condorcet', 'Plurality', 'Approval']",0.542402827,4,LORI DROSTE,LORI DROSTE,LORI DROSTE,,GEORGE BEIER,GEORGE BEIER,GEORGE BEIER,LORI DROSTE,GEORGE BEIER
Berkeley_11062018_CityCouncilDistrict1.csv,[],0.682970096,4,RASHI KESARWANI,RASHI KESARWANI,RASHI KESARWANI,,RASHI KESARWANI,RASHI KESARWANI,RASHI KESARWANI,RASHI KESARWANI,RASHI KESARWANI
Berkeley_11062018_CityCouncilDistrict8.csv,['Approval'],0.631771708,4,LORI DROSTE,LORI DROSTE,LORI DROSTE,,LORI DROSTE,LORI DROSTE,MARY KAY LACEY,LORI DROSTE,LORI DROSTE
Berkeley_11082016_CityCouncilDistrict3.csv,[],0.688895128,4,BEN BARTLETT,BEN BARTLETT,BEN BARTLETT,,BEN BARTLETT,BEN BARTLETT,BEN BARTLETT,BEN BARTLETT,BEN BARTLETT
Eastpointe_11052019_CityCouncil.csv,['Plurality'],0.593562575,4,Sarah A. Lucido,Sarah A. Lucido,Sarah A. Lucido,,Sarah A. Lucido,Harvey Curley,Sarah A. Lucido,Sarah A. Lucido,Sarah A. Lucido
LasCruces_11052019_COUNCILORPOSITION2CITYOFLASCRUCESDISTRICT2COUNCILOR.csv,[],0.632,4,TESSA ABEYTA STUVE,TESSA ABEYTA STUVE,TESSA ABEYTA STUVE,,TESSA ABEYTA STUVE,TESSA ABEYTA STUVE,TESSA ABEYTA STUVE,TESSA ABEYTA STUVE,TESSA ABEYTA STUVE
Maine_06122018_DemocraticPrimaryforCD2.csv,"['IRV', 'Condorcet', 'Plurality', 'Approval']",0.687192716,4,"Golden, Jared F.","Golden, Jared F.","Golden, Jared F.",,"St. Clair, Lucas R.","St. Clair, Lucas R.","St. Clair, Lucas R.","Golden, Jared F.","St. Clair, Lucas R."
Maine_11062018_CongressionalDistrict2.csv,[],0.78295979,4,"DEM Golden, Jared F.","DEM Golden, Jared F.","REP Poliquin, Bruce",,"DEM Golden, Jared F.","REP Poliquin, Bruce","DEM Golden, Jared F.","DEM Golden, Jared F.","DEM Golden, Jared F."
Minneapolis_11022021_CityCouncilWard1.csv,"['IRV', 'Condorcet', 'Plurality', 'Approval']",0.621027751,4,Elliott Payne,Elliott Payne,Elliott Payne,,Kevin Reich,Kevin Reich,Kevin Reich,Elliott Payne,Kevin Reich
Minneapolis_11022021_CityCouncilWard3.csv,[],0.831405828,4,Michael Rainville,Michael Rainville,Michael Rainville,,Michael Rainville,Michael Rainville,Michael Rainville,Michael Rainville,Michael Rainville
Minneapolis_11022021_CityCouncilWard7.csv,[],0.792345487,4,Lisa Goodman,Lisa Goodman,Lisa Goodman,,Lisa Goodman,Lisa Goodman,Lisa Goodman,Lisa Goodman,Lisa Goodman
Minneapolis_11022021_ParkBoardDistrict6.csv,['Plurality'],0.750388294,4,Cathy Abene,Cathy Abene,Risa Hustad,,Cathy Abene,Cathy Abene,Cathy Abene,Cathy Abene,Cathy Abene
Minneapolis_11052013_Ward5CityCouncil.csv,[],0.701030928,4,BLONG YANG,BLONG YANG,BLONG YANG,,BLONG YANG,BLONG YANG,BLONG YANG,BLONG YANG,BLONG YANG
Minneapolis_11062009_PRBoardDistrict6.csv,[],0.851339983,4,Brad Bourn,Brad Bourn,Brad Bourn,,Brad Bourn,Brad Bourn,Brad Bourn,Brad Bourn,Brad Bourn
Minneapolis_11062009_Ward10CityCouncil.csv,[],0.805655836,4,Meg Tuthill,Meg Tuthill,Meg Tuthill,,Meg Tuthill,Meg Tuthill,Meg Tuthill,Meg Tuthill,Meg Tuthill
Minneapolis_11062009_Ward12CityCouncil.csv,[],0.815750371,4,Sandy Colvin Roy,Sandy Colvin Roy,Sandy Colvin Roy,,Sandy Colvin Roy,Sandy Colvin Roy,Sandy Colvin Roy,Sandy Colvin Roy,Sandy Colvin Roy
Minneapolis_11062009_Ward3CityCouncil.csv,[],0.901781635,4,Diane Hofstede,Diane Hofstede,Diane Hofstede,,Diane Hofstede,Diane Hofstede,Diane Hofstede,Diane Hofstede,Diane Hofstede
Minneapolis_11062009_Ward4CityCouncil.csv,[],0.764563107,4,Barbara A. Johnson,Barbara A. Johnson,Barbara A. Johnson,,Barbara A. Johnson,Barbara A. Johnson,Barbara A. Johnson,Barbara A. Johnson,Barbara A. Johnson
Minneapolis_11062009_Ward9CityCouncil.csv,[],0.869361844,4,Gary Schiff,Gary Schiff,Gary Schiff,,Gary Schiff,Gary Schiff,Gary Schiff,Gary Schiff,Gary Schiff
Minneapolis_11072017_PRBoardDistrict6.csv,"['IRV', 'Condorcet', 'Plurality']",0.821720978,4,Brad Bourn,Brad Bourn,Brad Bourn,,Bob Fine,Bob Fine,Bob Fine,Bob Fine,Bob Fine
Minneapolis_11072017_Ward10CityCouncil.csv,[],0.794672293,4,Lisa Bender,Lisa Bender,Lisa Bender,,Lisa Bender,Lisa Bender,Lisa Bender,Lisa Bender,Lisa Bender
Minneapolis_11072017_Ward3CityCouncil.csv,"['IRV', 'Condorcet']",0.669104587,4,Steve Fletcher,Steve Fletcher,Ginger Jentzen,,Ginger Jentzen,Ginger Jentzen,Steve Fletcher,Steve Fletcher,Ginger Jentzen
Minneapolis_11072017_Ward4CityCouncil.csv,['Plurality'],0.802548982,4,Phillipe M. Cunningham,Phillipe M. Cunningham,"Barbara A. ""Barb"" Johnson",,Phillipe M. Cunningham,Phillipe M. Cunningham,Phillipe M. Cunningham,Phillipe M. Cunningham,Phillipe M. Cunningham
Minneapolis_11072017_Ward5CityCouncil.csv,[],0.739130435,4,Jeremiah Ellison,Jeremiah Ellison,Jeremiah Ellison,,Jeremiah Ellison,Jeremiah Ellison,Jeremiah Ellison,Jeremiah Ellison,Jeremiah Ellison
Minneapolis_11072017_Ward6CityCouncil.csv,[],0.979071379,4,Abdi Warsame,Abdi Warsame,Abdi Warsame,,Abdi Warsame,Abdi Warsame,Abdi Warsame,Abdi Warsame,Abdi Warsame
Minneapolis_11072017_Ward7CityCouncil.csv,[],0.731006386,4,Lisa Goodman,Lisa Goodman,Lisa Goodman,,Lisa Goodman,Lisa Goodman,Lisa Goodman,Lisa Goodman,Lisa Goodman
Minneapolis_11072017_Ward8CityCouncil.csv,[],0.581283287,4,Andrea Jenkins,Andrea Jenkins,Andrea Jenkins,,Andrea Jenkins,Andrea Jenkins,Andrea Jenkins,Andrea Jenkins,Andrea Jenkins
Minneapolis_11072017_Ward9CityCouncil.csv,"['Condorcet', 'Approval']",0.709021601,4,Alondra Cano,Alondra Cano,Alondra Cano,,Mohamed Farah,Alondra Cano,Mohamed Farah,Alondra Cano,Alondra Cano
NewYorkCity_06222021_DEMCouncilMember16thCouncilDistrict.csv,[],0.7149916,4,Althea V. Stevens,Althea V. Stevens,Althea V. Stevens,,Althea V. Stevens,Althea V. Stevens,Althea V. Stevens,Althea V. Stevens,Althea V. Stevens
NewYorkCity_06222021_DEMCouncilMember24thCouncilDistrict.csv,[],0.689289976,4,James F. Gennaro,James F. Gennaro,James F. Gennaro,,James F. Gennaro,James F. Gennaro,James F. Gennaro,James F. Gennaro,James F. Gennaro
NewYorkCity_06222021_DEMCouncilMember34thCouncilDistrict.csv,[],0.708691674,4,Jennifer Gutierrez,Jennifer Gutierrez,Jennifer Gutierrez,,Jennifer Gutierrez,Jennifer Gutierrez,Jennifer Gutierrez,Jennifer Gutierrez,Jennifer Gutierrez
NewYorkCity_06222021_DEMCouncilMember42ndCouncilDistrict.csv,[],0.649046461,4,Charles Barron,Charles Barron,Charles Barron,,Charles Barron,Charles Barron,Charles Barron,Charles Barron,Charles Barron
NewYorkCity_06222021_DEMCouncilMember47thCouncilDistrict.csv,[],0.656694091,4,Ari Kagan,Ari Kagan,Ari Kagan,,Ari Kagan,Ari Kagan,Ari Kagan,Ari Kagan,Ari Kagan
NewYorkCity_06222021_DEMCouncilMember8thCouncilDistrict.csv,[],0.687307561,4,Diana I. Ayala,Diana I. Ayala,Diana I. Ayala,,Diana I. Ayala,Diana I. Ayala,Diana I. Ayala,Diana I. Ayala,Diana I. Ayala
NewYorkCity_06222021_REPBoroughPresidentRichmond.csv,"['IRV', 'Condorcet', 'Plurality', 'Approval']",0.729641528,4,Vito Fossella,Vito Fossella,Vito Fossella,,Steven Matteo,Steven Matteo,Steven Matteo,Vito Fossella,Steven Matteo
Oakland_11032020_SchoolDirectorDist5OaklandRCV.csv,[],0.585704291,4,MIKE HUTCHINSON,MIKE HUTCHINSON,MIKE HUTCHINSON,,MIKE HUTCHINSON,MIKE HUTCHINSON,MIKE HUTCHINSON,MIKE HUTCHINSON,MIKE HUTCHINSON
Oakland_11042014_SchoolDirectorDistrict4.csv,"['IRV', 'Condorcet', 'Plurality', 'Approval']",0.635068154,4,NINA SENN,NINA SENN,NINA SENN,,KARL DEBRO,KARL DEBRO,KARL DEBRO,NINA SENN,KARL DEBRO
Oakland_11062012_CityCouncilDistrict5.csv,[],0.676801702,4,NOEL GALLO,NOEL GALLO,NOEL GALLO,,NOEL GALLO,NOEL GALLO,NOEL GALLO,NOEL GALLO,NOEL GALLO
Oakland_11082016_SchoolDirectorDistrict5.csv,[],0.777935996,4,ROSIE TORRES,ROSIE TORRES,HUBER TRENADO,,ROSIE TORRES,HUBER TRENADO,ROSIE TORRES,ROSIE TORRES,ROSIE TORRES
Oakland_11082022_CityCouncilmemberDistrict6.csv,[],0.538399244,4,KEVIN JENKINS,KEVIN JENKINS,KEVIN JENKINS,,KEVIN JENKINS,KEVIN JENKINS,KEVIN JENKINS,KEVIN JENKINS,KEVIN JENKINS
PierceCounty_11042008_CountyExecutiveMember.csv,[],0.704945053,4,Pat McCarthy,Pat McCarthy,Shawn Bunney,,Pat McCarthy,Shawn Bunney,Pat McCarthy,Pat McCarthy,Pat McCarthy
SanFrancisco_11022004_BoardofSupervisorsDistrict3.csv,[],0.553715499,4,Arron Peskin,Arron Peskin,Arron Peskin,,Arron Peskin,Arron Peskin,Arron Peskin,Arron Peskin,Arron Peskin
SanFrancisco_11022010_BoardofSupervisorsDistrict8.csv,[],0.70586553,4,SCOTT WIENER,SCOTT WIENER,SCOTT WIENER,,SCOTT WIENER,SCOTT WIENER,SCOTT WIENER,SCOTT WIENER,SCOTT WIENER
SanFrancisco_11032020_BOARDOFSUPERVISORSDISTRICT11.csv,[],0.86804892,4,AHSHA SAFAI,AHSHA SAFAI,AHSHA SAFAI,,AHSHA SAFAI,AHSHA SAFAI,AHSHA SAFAI,AHSHA SAFAI,AHSHA SAFAI
SanFrancisco_11032020_BOARDOFSUPERVISORSDISTRICT3.csv,[],0.653344857,4,AARON PESKIN,AARON PESKIN,AARON PESKIN,,AARON PESKIN,AARON PESKIN,AARON PESKIN,AARON PESKIN,AARON PESKIN
SanFrancisco_11032020_BOARDOFSUPERVISORSDISTRICT5.csv,[],0.556990482,4,DEAN PRESTON,DEAN PRESTON,DEAN PRESTON,,DEAN PRESTON,DEAN PRESTON,DEAN PRESTON,DEAN PRESTON,DEAN PRESTON
SanFrancisco_11052019_DistrictAttorney.csv,"['IRV', 'Condorcet']",0.636196335,4,CHESA BOUDIN,CHESA BOUDIN,CHESA BOUDIN,,SUZY LOFTUS,CHESA BOUDIN,SUZY LOFTUS,SUZY LOFTUS,SUZY LOFTUS
SanFrancisco_11052019_MemberBoardofSupervisorsDistrict5.csv,"['IRV', 'Condorcet', 'Plurality', 'Approval']",0.788707431,4,DEAN PRESTON,DEAN PRESTON,DEAN PRESTON,,VALLIE BROWN,VALLIE BROWN,VALLIE BROWN,DEAN PRESTON,VALLIE BROWN
SanFrancisco_11062018_BoardofSupervisorsDistrict2.csv,[],0.717024887,4,CATHERINE STEFANI,CATHERINE STEFANI,CATHERINE STEFANI,,CATHERINE STEFANI,CATHERINE STEFANI,CATHERINE STEFANI,CATHERINE STEFANI,CATHERINE STEFANI
SanFrancisco_11082005_AssessorRecorder.csv,[],0.692727784,4,Phil Ting,Phil Ting,Phil Ting,,Phil Ting,Phil Ting,Phil Ting,Phil Ting,Phil Ting
SanFrancisco_11082005_Treasurer.csv,[],0.779603493,4,Jose Cisneros,Jose Cisneros,Jose Cisneros,,Jose Cisneros,Jose Cisneros,Jose Cisneros,Jose Cisneros,Jose Cisneros
SanFrancisco_11082011_Sheriff.csv,"['IRV', 'Condorcet', 'Approval']",0.756637844,4,ROSS MIRKARIMI,ROSS MIRKARIMI,ROSS MIRKARIMI,,CHRIS CUNNIE,ROSS MIRKARIMI,CHRIS CUNNIE,ROSS MIRKARIMI,CHRIS CUNNIE
SanFrancisco_11082016_BoardofSupervisorsDistrict9.csv,[],0.80991221,4,HILLARY RONEN,HILLARY RONEN,HILLARY RONEN,,HILLARY RONEN,HILLARY RONEN,HILLARY RONEN,HILLARY RONEN,HILLARY RONEN
SanFrancisco_11082022_BoardofSupervisorsD6.csv,[],0.702402844,4,MATT DORSEY,MATT DORSEY,MATT DORSEY,,MATT DORSEY,MATT DORSEY,MATT DORSEY,MATT DORSEY,MATT DORSEY
SanFrancisco_11082022_DistrictAttorney.csv,"['IRV', 'Condorcet', 'Plurality', 'Approval']",0.683662433,4,BROOKE JENKINS,BROOKE JENKINS,BROOKE JENKINS,,JOHN HAMASAKI,JOHN HAMASAKI,JOHN HAMASAKI,BROOKE JENKINS,JOHN HAMASAKI
SanLeandro_11042014_CountyCouncilDistrict1.csv,[],0.673852708,4,DEBORAH COX,DEBORAH COX,DEBORAH COX,,DEBORAH COX,DEBORAH COX,DEBORAH COX,DEBORAH COX,DEBORAH COX
SanLeandro_11042014_Mayor.csv,[],0.902452551,4,PAULINE RUSSO CUTTER,PAULINE RUSSO CUTTER,PAULINE RUSSO CUTTER,,PAULINE RUSSO CUTTER,PAULINE RUSSO CUTTER,PAULINE RUSSO CUTTER,PAULINE RUSSO CUTTER,PAULINE RUSSO CUTTER
SanLeandro_11062012_CountyCouncilDistrict4.csv,"['IRV', 'Condorcet', 'Approval']",0.547827966,4,BENNY LEE,BENNY LEE,BENNY LEE,,CHRIS CROW,BENNY LEE,CHRIS CROW,BENNY LEE,CHRIS CROW
SanLeandro_11062018_Mayor.csv,[],0.731112916,4,PAULINE RUSSO CUTTER,PAULINE RUSSO CUTTER,PAULINE RUSSO CUTTER,,PAULINE RUSSO CUTTER,PAULINE RUSSO CUTTER,PAULINE RUSSO CUTTER,PAULINE RUSSO CUTTER,PAULINE RUSSO CUTTER
Albany_11082022_BoardofEducation.csv,[],0.593128948,5,RON ROSENBAUM,RON ROSENBAUM,RON ROSENBAUM,,RON ROSENBAUM,RON ROSENBAUM,RON ROSENBAUM,RON ROSENBAUM,RON ROSENBAUM
Burlington_03032009_Mayor.csv,['IRV'],0.471683389,5,Bob Kiss,Andy Montroll,Kurt Wright,,Andy Montroll,Kurt Wright,Andy Montroll,Andy Montroll,Andy Montroll
Burlington_03072006_Mayor.csv,[],0.565159574,5,Bob Kiss,Bob Kiss,Bob Kiss,,Bob Kiss,Bob Kiss,Bob Kiss,Bob Kiss,Bob Kiss
Kansas_05022020_PRESIDENTOFTHEUNITEDSTATES.csv,[],0.545241157,5,Joseph R. Biden,Joseph R. Biden,Joseph R. Biden,,Joseph R. Biden,Joseph R. Biden,Joseph R. Biden,Joseph R. Biden,Joseph R. Biden
Minneapolis_11022021_CityCouncilWard11.csv,[],0.788591106,5,Emily Koski,Emily Koski,Emily Koski,,Emily Koski,Emily Koski,Emily Koski,Emily Koski,Emily Koski
Minneapolis_11022021_CityCouncilWard13.csv,[],0.872941605,5,Linea Palmisano,Linea Palmisano,Linea Palmisano,,Linea Palmisano,Linea Palmisano,Linea Palmisano,Linea Palmisano,Linea Palmisano
Minneapolis_11022021_CityCouncilWard2.csv,"['IRV', 'Condorcet', 'Plurality', 'Approval']",0.682071211,5,Robin Wonsley Worlobah,-1,Robin Wonsley Worlobah,,Cam Gordon,Cam Gordon,Cam Gordon,Yusra Arab,Cam Gordon
Minneapolis_11052013_Ward13CityCouncil.csv,['Approval'],0.50167384,5,LINEA PALMISANO,LINEA PALMISANO,LINEA PALMISANO,,LINEA PALMISANO,LINEA PALMISANO,MISSY DURANT,LINEA PALMISANO,LINEA PALMISANO
Minneapolis_11062009_PRBoardDistrict5.csv,"['IRV', 'Condorcet', 'Plurality', 'Approval']",0.706883316,5,Carol Kummer,Carol Kummer,Carol Kummer,,Jason Stone,Jason Stone,Jason Stone,Carol Kummer,Jason Stone
Minneapolis_11062009_Ward1CityCouncil.csv,[],0.558971774,5,Kevin Reich,Kevin Reich,Kevin Reich,,Kevin Reich,Kevin Reich,Kevin Reich,Kevin Reich,Kevin Reich
Minneapolis_11062009_Ward5CityCouncil.csv,['Approval'],0.713163972,5,Don Samuels,Don Samuels,Don Samuels,,Don Samuels,Don Samuels,Natalie Johnson Lee,Don Samuels,Don Samuels
Minneapolis_11062009_Ward8CityCouncil.csv,[],0.490139024,5,Elizabeth Glidden,Elizabeth Glidden,Elizabeth Glidden,,Elizabeth Glidden,Elizabeth Glidden,Elizabeth Glidden,Elizabeth Glidden,Elizabeth Glidden
Minnetonka_11022021_CityCouncilAtLargeSeatA.csv,[],0.754797441,5,Deb Calvert,Deb Calvert,Deb Calvert,,Deb Calvert,Deb Calvert,Deb Calvert,Deb Calvert,Deb Calvert
Minnetonka_11022021_CityCouncilAtLargeSeatB.csv,[],0.767611177,5,Kimberly Wilburn,Kimberly Wilburn,Kimberly Wilburn,,Kimberly Wilburn,Kimberly Wilburn,Kimberly Wilburn,Kimberly Wilburn,Kimberly Wilburn
NewYorkCity_06222021_DEMBoroughPresidentBronx.csv,[],0.526386783,5,Vanessa L. Gibson,Vanessa L. Gibson,Vanessa L. Gibson,,Vanessa L. Gibson,Vanessa L. Gibson,Vanessa L. Gibson,Vanessa L. Gibson,Vanessa L. Gibson
NewYorkCity_06222021_DEMBoroughPresidentRichmond.csv,[],0.539803283,5,Mark S. Murphy,Mark S. Murphy,Mark S. Murphy,,Mark S. Murphy,Mark S. Murphy,Mark S. Murphy,Mark S. Murphy,Mark S. Murphy
NewYorkCity_06222021_DEMCouncilMember13thCouncilDistrict.csv,[],0.601345246,5,Marjorie Velazquez,Marjorie Velazquez,Marjorie Velazquez,,Marjorie Velazquez,Marjorie Velazquez,Marjorie Velazquez,Marjorie Velazquez,Marjorie Velazquez
NewYorkCity_06222021_DEMCouncilMember21stCouncilDistrict.csv,[],0.551835064,5,Francisco P. Moya,Francisco P. Moya,Francisco P. Moya,,Francisco P. Moya,Francisco P. Moya,Francisco P. Moya,Francisco P. Moya,Francisco P. Moya
NewYorkCity_06222021_DEMCouncilMember36thCouncilDistrict.csv,['Approval'],0.560359663,5,Chi A. Osse,Chi A. Osse,Chi A. Osse,,Chi A. Osse,Chi A. Osse,Chi A. Osse,Tahirah A. Moore,Chi A. Osse
NewYorkCity_06222021_DEMCouncilMember48thCouncilDistrict.csv,[],0.573711676,5,Steven Saperstein,Steven Saperstein,Steven Saperstein,,Steven Saperstein,Steven Saperstein,Steven Saperstein,Steven Saperstein,Steven Saperstein
NewYorkCity_06222021_REPCouncilMember50thCouncilDistrict.csv,"['IRV', 'Condorcet']",0.633625219,5,David M. Carr,David M. Carr,Marko Kepi,,Marko Kepi,Marko Kepi,Marko Kepi,Marko Kepi,Marko Kepi
Oakland_11032020_MemberCityCouncilDist7OaklandRCV.csv,"['IRV', 'Condorcet', 'Approval']",0.343891633,5,TREVA REID,TREVA REID,TREVA REID,,"ROBERT ""BOB"" JACKSON",TREVA REID,"ROBERT ""BOB"" JACKSON",TREVA REID,"ROBERT ""BOB"" JACKSON"
Oakland_11032020_SchoolDirectorDist3OaklandRCV.csv,[],0.414356141,5,VANCEDRIC WILLIAMS,VANCEDRIC WILLIAMS,VANCEDRIC WILLIAMS,,VANCEDRIC WILLIAMS,VANCEDRIC WILLIAMS,VANCEDRIC WILLIAMS,VANCEDRIC WILLIAMS,VANCEDRIC WILLIAMS
Oakland_11032020_SchoolDirectorDist7OaklandRCV.csv,[],0.375387629,5,CLIFFORD THOMPSON,CLIFFORD THOMPSON,CLIFFORD THOMPSON,,CLIFFORD THOMPSON,CLIFFORD THOMPSON,CLIFFORD THOMPSON,CLIFFORD THOMPSON,CLIFFORD THOMPSON
Oakland_11042014_CityCouncilDistrict2.csv,"['IRV', 'Condorcet', 'Plurality', 'Approval']",0.50036846,5,ABEL GUILLEN,ABEL GUILLEN,ABEL GUILLEN,,DANA KING,DANA KING,DANA KING,ABEL GUILLEN,DANA KING
Oakland_11042014_CityCouncilDistrict6.csv,[],0.585494545,5,DESLEY BROOKS,DESLEY BROOKS,DESLEY BROOKS,,DESLEY BROOKS,DESLEY BROOKS,DESLEY BROOKS,DESLEY BROOKS,DESLEY BROOKS
Oakland_11062012_CityCouncilAtLarge.csv,"['IRV', 'Condorcet', 'Approval']",0.578802993,5,REBECCA KAPLAN,REBECCA KAPLAN,REBECCA KAPLAN,,IGNACIO DE LA FUENTE,REBECCA KAPLAN,IGNACIO DE LA FUENTE,REBECCA KAPLAN,IGNACIO DE LA FUENTE
Oakland_11062018_CityCouncilDistrict6.csv,[],0.545926919,5,LOREN TAYLOR,LOREN TAYLOR,LOREN TAYLOR,,LOREN TAYLOR,LOREN TAYLOR,LOREN TAYLOR,LOREN TAYLOR,LOREN TAYLOR
Oakland_11082016_CouncilAtLrg.csv,[],0.386745285,5,REBECCA KAPLAN,REBECCA KAPLAN,REBECCA KAPLAN,,REBECCA KAPLAN,REBECCA KAPLAN,REBECCA KAPLAN,REBECCA KAPLAN,REBECCA KAPLAN
Oakland_11082016_SchoolDirectorDistrict3.csv,[],0.674737547,5,JUMOKE HINTON HODGE,JUMOKE HINTON HODGE,JUMOKE HINTON HODGE,,JUMOKE HINTON HODGE,JUMOKE HINTON HODGE,JUMOKE HINTON HODGE,JUMOKE HINTON HODGE,JUMOKE HINTON HODGE
Payson_11052019_CityCouncil.csv,"['IRV', 'Condorcet', 'Plurality', 'Approval']",0.255883452,5,DOUG WELTON,DOUG WELTON,DOUG WELTON,,BRIAN V. HULET,BRIAN V. HULET,BRIAN V. HULET,DOUG WELTON,BRIAN V. HULET
SanFrancisco_11022004_BoardofSupervisorsDistrict2.csv,[],0.508147762,5,Michela Alioto-pier,Michela Alioto-pier,Michela Alioto-pier,,Michela Alioto-pier,Michela Alioto-pier,Michela Alioto-pier,Michela Alioto-pier,Michela Alioto-pier
SanFrancisco_11042014_BoardofSupervisorsDistrict10.csv,[],0.565425704,5,MALIA COHEN,MALIA COHEN,MALIA COHEN,,MALIA COHEN,MALIA COHEN,MALIA COHEN,MALIA COHEN,MALIA COHEN
SanFrancisco_11082011_DistrictAttorney.csv,[],0.565971523,5,GEORGE GASCÃ“N,GEORGE GASCÃ“N,GEORGE GASCÃ“N,,GEORGE GASCÃ“N,GEORGE GASCÃ“N,GEORGE GASCÃ“N,GEORGE GASCÃ“N,GEORGE GASCÃ“N
SanFrancisco_11082016_BoardofSupervisorsDistrict11.csv,['Approval'],0.456183746,5,AHSHA SAFAI,AHSHA SAFAI,AHSHA SAFAI,,AHSHA SAFAI,AHSHA SAFAI,AHSHA SAFAI,KIM ALVARENGA,AHSHA SAFAI
SanFrancisco_11082016_BoardofSupervisorsDistrict7.csv,[],0.488274067,5,NORMAN YEE,NORMAN YEE,NORMAN YEE,,NORMAN YEE,NORMAN YEE,NORMAN YEE,NORMAN YEE,NORMAN YEE
SantaFe_03062018_Mayor.csv,[],0.308949794,5,Alan Webber,Alan Webber,Alan Webber,,Alan Webber,Alan Webber,Alan Webber,Alan Webber,Alan Webber
TakomaPark_11082022_CityCouncilWard3.csv,"['IRV', 'Condorcet', 'Approval']",0.672740525,5,Randy Gibson,Randy Gibson,Randy Gibson,,Alex Hadden,Randy Gibson,Alex Hadden,Randy Gibson,Alex Hadden
Albany_11082022_CityCouncil.csv,[],0.291406358,6,JOHN ANTHONY MIKI,JOHN ANTHONY MIKI,JOHN ANTHONY MIKI,,JOHN ANTHONY MIKI,JOHN ANTHONY MIKI,JOHN ANTHONY MIKI,JOHN ANTHONY MIKI,JOHN ANTHONY MIKI
Minneapolis_11022021_CityCouncilWard10.csv,[],0.706197686,6,Aisha Chughtai,Aisha Chughtai,Aisha Chughtai,,Aisha Chughtai,Aisha Chughtai,Aisha Chughtai,Aisha Chughtai,Aisha Chughtai
Minneapolis_11052013_Ward9CityCouncil.csv,[],0.329171669,6,ALONDRA CANO,ALONDRA CANO,ALONDRA CANO,,ALONDRA CANO,ALONDRA CANO,ALONDRA CANO,ALONDRA CANO,ALONDRA CANO
Minneapolis_11062009_Ward6CityCouncil.csv,[],0.5,6,Robert Lilligren,Robert Lilligren,Robert Lilligren,,Robert Lilligren,Robert Lilligren,Robert Lilligren,Robert Lilligren,Robert Lilligren
NewYorkCity_06222021_DEMCouncilMember14thCouncilDistrict.csv,[],0.434787212,6,Pierina Ana Sanchez,Pierina Ana Sanchez,Pierina Ana Sanchez,,Pierina Ana Sanchez,Pierina Ana Sanchez,Pierina Ana Sanchez,Pierina Ana Sanchez,Pierina Ana Sanchez
NewYorkCity_06222021_DEMCouncilMember19thCouncilDistrict.csv,[],0.539955647,6,Tony Avella,Tony Avella,Tony Avella,,Tony Avella,Tony Avella,Tony Avella,Tony Avella,Tony Avella
NewYorkCity_06222021_DEMCouncilMember22ndCouncilDistrict.csv,[],0.313773782,6,Tiffany Caban,Tiffany Caban,Tiffany Caban,,Tiffany Caban,Tiffany Caban,Tiffany Caban,Tiffany Caban,Tiffany Caban
NewYorkCity_06222021_DEMCouncilMember32ndCouncilDistrict.csv,"['IRV', 'Condorcet', 'Plurality', 'Approval']",0.531650523,6,Felicia Singh,Felicia Singh,Felicia Singh,,Michael G. Scala,Michael G. Scala,Michael G. Scala,Felicia Singh,Michael G. Scala
NewYorkCity_06222021_DEMCouncilMember37thCouncilDistrict.csv,[],0.551553023,6,Sandy Nurse,Sandy Nurse,Sandy Nurse,,Sandy Nurse,Sandy Nurse,Sandy Nurse,Sandy Nurse,Sandy Nurse
NewYorkCity_06222021_DEMCouncilMember38thCouncilDistrict.csv,['Plurality'],0.514323454,6,Alexa Aviles,Alexa Aviles,Alexa Aviles,,Alexa Aviles,Yu Lin,Alexa Aviles,Alexa Aviles,Alexa Aviles
NewYorkCity_06222021_DEMCouncilMember3rdCouncilDistrict.csv,[],0.454284011,6,Erik D. Bottcher,Erik D. Bottcher,Erik D. Bottcher,,Erik D. Bottcher,Erik D. Bottcher,Erik D. Bottcher,Erik D. Bottcher,Erik D. Bottcher
NewYorkCity_06222021_DEMCouncilMember6thCouncilDistrict.csv,[],0.447932794,6,Gale A. Brewer,Gale A. Brewer,Gale A. Brewer,,Gale A. Brewer,Gale A. Brewer,Gale A. Brewer,Gale A. Brewer,Gale A. Brewer
Oakland_11032020_MemberCityCouncilDist3OaklandRCV.csv,[],0.396307233,6,CARROLL FIFE,CARROLL FIFE,CARROLL FIFE,,CARROLL FIFE,CARROLL FIFE,CARROLL FIFE,CARROLL FIFE,CARROLL FIFE
Oakland_11062012_CityCouncilDistrict3.csv,"['IRV', 'Approval']",0.366024042,6,LYNETTE GIBSON-MCELHANEY,LYNETTE GIBSON-MCELHANEY,SEAN SULLIVAN,,LYNETTE GIBSON-MCELHANEY,SEAN SULLIVAN,NYEISHA DEWITT,LYNETTE GIBSON-MCELHANEY,NYEISHA DEWITT
PierceCounty_11042008_CountyAssessorTreasurer.csv,"['IRV', 'Condorcet', 'Approval']",0.519746191,6,Dale Washam,Dale Washam,Dale Washam,,Jan Shabro,Dale Washam,Terry Lee,Dale Washam,Jan Shabro
Portland_06142022_Schoolboarddistrict5-1.csv,[],0.668375192,6,"Brydon, Sarah M.","Brydon, Sarah M.","Brydon, Sarah M.",,"Brydon, Sarah M.","Brydon, Sarah M.","Brydon, Sarah M.","Brydon, Sarah M.","Brydon, Sarah M."
SanFrancisco_11022004_BoardofSupervisorsDistrict9.csv,[],0.462933913,6,Tom Ammiano,Tom Ammiano,Tom Ammiano,,Tom Ammiano,Tom Ammiano,Tom Ammiano,Tom Ammiano,Tom Ammiano
SanFrancisco_11022010_BoardofSupervisorsDistrict2.csv,"['IRV', 'Condorcet', 'Approval']",0.568024533,6,MARK FARRELL,MARK FARRELL,JANET REILLY,,JANET REILLY,JANET REILLY,JANET REILLY,MARK FARRELL,JANET REILLY
SanFrancisco_11032015_Mayor.csv,[],0.622336254,6,ED LEE,ED LEE,ED LEE,,ED LEE,ED LEE,ED LEE,ED LEE,ED LEE
SanFrancisco_11062018_BoardofSupervisorsDistrict10.csv,[],0.545278638,6,SHAMANN WALTON,SHAMANN WALTON,SHAMANN WALTON,,SHAMANN WALTON,SHAMANN WALTON,SHAMANN WALTON,SHAMANN WALTON,SHAMANN WALTON
SanFrancisco_11072006_BoardofSupervisorsDistrict4.csv,[],0.52942661,6,Ed Jew,Ed Jew,Ed Jew,,Ed Jew,Ed Jew,Ed Jew,Ed Jew,Ed Jew
SanLeandro_11022010_Mayor.csv,"['IRV', 'Condorcet', 'Approval']",0.34875746,6,STEPHEN H. CASSIDY,STEPHEN H. CASSIDY,ANTHONY B. ''TONY'' SANTOS,,ANTHONY B. ''TONY'' SANTOS,ANTHONY B. ''TONY'' SANTOS,ANTHONY B. ''TONY'' SANTOS,STEPHEN H. CASSIDY,ANTHONY B. ''TONY'' SANTOS
TakomaPark_11082022_Mayor.csv,"['IRV', 'Condorcet', 'Approval']",0.562489045,6,Talisha Searcy,Talisha Searcy,Talisha Searcy,,Jarrett Smith,Talisha Searcy,Jarrett Smith,Talisha Searcy,Jarrett Smith
Berkeley_11062012_Mayor.csv,[],0.489398194,7,TOM BATES,TOM BATES,TOM BATES,,TOM BATES,TOM BATES,TOM BATES,TOM BATES,TOM BATES
Maine_06122018_DemocraticPrimaryforGovernor.csv,[],0.246062664,7,"Mills, Janet T.","Mills, Janet T.","Mills, Janet T.",,"Mills, Janet T.","Mills, Janet T.","Mills, Janet T.","Mills, Janet T.","Mills, Janet T."
Minneapolis_11022021_CityCouncilWard5.csv,"['IRV', 'Condorcet', 'Plurality', 'Approval']",0.460218978,7,Jeremiah Ellison,Jeremiah Ellison,Jeremiah Ellison,,Victor Martinez,Victor Martinez,Victor Martinez,Kristel Porter,Victor Martinez
Minneapolis_11022021_ParkBoardAtLarge.csv,[],0.4994064,7,Meg Forney,Meg Forney,Meg Forney,,Meg Forney,Meg Forney,Meg Forney,Meg Forney,Meg Forney
NewYorkCity_06222021_DEMBoroughPresidentNewYork.csv,[],0.40669349,7,Mark D. Levine,Mark D. Levine,Mark D. Levine,,Mark D. Levine,Mark D. Levine,Mark D. Levine,Mark D. Levine,Mark D. Levine
NewYorkCity_06222021_DEMCouncilMember11thCouncilDistrict.csv,[],0.404142949,7,Eric Dinowitz,Eric Dinowitz,Eric Dinowitz,,Eric Dinowitz,Eric Dinowitz,Eric Dinowitz,Eric Dinowitz,Eric Dinowitz
NewYorkCity_06222021_DEMCouncilMember23rdCouncilDistrict.csv,[],0.420880716,7,Linda Lee,Linda Lee,Linda Lee,,Linda Lee,Linda Lee,Linda Lee,Linda Lee,Linda Lee
NewYorkCity_06222021_DEMCouncilMember35thCouncilDistrict.csv,"['IRV', 'Condorcet', 'Plurality', 'Approval']",0.535888182,7,Crystal Hudson,Crystal Hudson,Crystal Hudson,,Michael Hollingsworth,Michael Hollingsworth,Michael Hollingsworth,Crystal Hudson,Michael Hollingsworth
NewYorkCity_06222021_DEMCouncilMember39thCouncilDistrict.csv,[],0.420489212,7,Shahana K. Hanif,Shahana K. Hanif,Shahana K. Hanif,,Shahana K. Hanif,Shahana K. Hanif,Shahana K. Hanif,Shahana K. Hanif,Shahana K. Hanif
NewYorkCity_06222021_DEMCouncilMember5thCouncilDistrict.csv,[],0.423372024,7,Julie Menin,Julie Menin,Julie Menin,,Julie Menin,Julie Menin,Julie Menin,Julie Menin,Julie Menin
Oakland_11022010_CityCouncilDistrict4.csv,[],0.273208411,7,LIBBY SCHAAF,LIBBY SCHAAF,LIBBY SCHAAF,,LIBBY SCHAAF,LIBBY SCHAAF,LIBBY SCHAAF,LIBBY SCHAAF,LIBBY SCHAAF
Oakland_11062012_CityCouncilDistrict1.csv,[],0.3520861,7,DAN KALB,DAN KALB,DAN KALB,,DAN KALB,DAN KALB,DAN KALB,DAN KALB,DAN KALB
Oakland_11062018_CityCouncilDistrict4.csv,[],0.281158503,7,SHENG THAO,SHENG THAO,SHENG THAO,,SHENG THAO,SHENG THAO,SHENG THAO,SHENG THAO,SHENG THAO
Portland_06142022_SchoolboardAL-1.csv,[],0.566116167,7,"Lentz, Sarah M.","Lentz, Sarah M.","Lentz, Sarah M.",,"Lentz, Sarah M.","Lentz, Sarah M.","Grant, Benjamin K.","Grant, Benjamin K.","Lentz, Sarah M."
SanFrancisco_11032020_BOARDOFSUPERVISORSDISTRICT1.csv,['Approval'],0.375893203,7,CONNIE CHAN,CONNIE CHAN,CONNIE CHAN,,CONNIE CHAN,CONNIE CHAN,CONNIE CHAN,MARJAN PHILHOUR,CONNIE CHAN
SanFrancisco_11032020_BOARDOFSUPERVISORSDISTRICT7.csv,"['IRV', 'Condorcet', 'Plurality', 'Approval']",0.30766302,7,MYRNA MELGAR,MYRNA MELGAR,JOEL ENGARDIO,,VILASKA NGUYEN,VILASKA NGUYEN,VILASKA NGUYEN,MYRNA MELGAR,VILASKA NGUYEN
SanFrancisco_11042008_BoardofSupervisorsDistrict9.csv,[],0.566232009,7,DAVID CAMPOS,DAVID CAMPOS,DAVID CAMPOS,,DAVID CAMPOS,DAVID CAMPOS,DAVID CAMPOS,DAVID CAMPOS,DAVID CAMPOS
SanFrancisco_11052004_BoardofSupervisorsDistrict1.csv,[],0.457220273,7,Jake McGoldrick,Jake McGoldrick,Jake McGoldrick,,Jake McGoldrick,Jake McGoldrick,Jake McGoldrick,Jake McGoldrick,Jake McGoldrick
SanFrancisco_11052019_Mayor.csv,[],0.616878533,7,LONDON N. BREED,LONDON N. BREED,LONDON N. BREED,,LONDON N. BREED,LONDON N. BREED,LONDON N. BREED,LONDON N. BREED,LONDON N. BREED
SanFrancisco_11072006_BoardofSupervisorsDistrict10.csv,[],0.502513615,7,Sophie Maxwell,Sophie Maxwell,Sophie Maxwell,,Sophie Maxwell,Sophie Maxwell,Sophie Maxwell,Sophie Maxwell,Sophie Maxwell
TakomaPark_11082022_CityCouncilWard6.csv,"['IRV', 'Condorcet', 'Plurality']",0.578461538,7,Jason Small,Jason Small,Jason Small,,Mike Moore,Mike Moore,Mike Moore,Mike Moore,Mike Moore
Vineyard_11052019_CityCouncil.csv,[],0.139577594,7,CRISTY WELSH,CRISTY WELSH,CRISTY WELSH,,CRISTY WELSH,CRISTY WELSH,CRISTY WELSH,CRISTY WELSH,CRISTY WELSH
Alaska_04102020_PRESIDENTOFTHEUNITEDSTATES.csv,[],0.48774187,8,Joseph R. Biden,Joseph R. Biden,Joseph R. Biden,,Joseph R. Biden,Joseph R. Biden,Joseph R. Biden,Joseph R. Biden,Joseph R. Biden
Berkeley_11082016_Mayor.csv,[],0.5852128,8,JESSE ARREGUÃN,JESSE ARREGUÃN,JESSE ARREGUÃN,,JESSE ARREGUÃN,JESSE ARREGUÃN,JESSE ARREGUÃN,JESSE ARREGUÃN,JESSE ARREGUÃN
Minneapolis_11022021_CityCouncilWard9.csv,[],0.599132775,8,Jason Chavez,Jason Chavez,Jason Chavez,,Jason Chavez,Jason Chavez,Jason Chavez,Jason Chavez,Jason Chavez
NewYorkCity_06222021_DEMCouncilMember10thCouncilDistrict.csv,[],0.383602877,8,Carmen N. De La Rosa,Carmen N. De La Rosa,Carmen N. De La Rosa,,Carmen N. De La Rosa,Carmen N. De La Rosa,Carmen N. De La Rosa,Carmen N. De La Rosa,Carmen N. De La Rosa
NewYorkCity_06222021_DEMCouncilMember15thCouncilDistrict.csv,[],0.357567666,8,Oswald Feliz,Oswald Feliz,Oswald Feliz,,Oswald Feliz,Oswald Feliz,Oswald Feliz,Oswald Feliz,Oswald Feliz
NewYorkCity_06222021_DEMCouncilMember18thCouncilDistrict.csv,"['IRV', 'Condorcet', 'Plurality', 'Approval']",0.361984178,8,Amanda Farias,Amanda Farias,Amanda Farias,,William Rivera,William Rivera,William Rivera,Amanda Farias,William Rivera
NewYorkCity_06222021_DEMCouncilMember20thCouncilDistrict.csv,[],0.418921458,8,Sandra Ung,Sandra Ung,Sandra Ung,,Sandra Ung,Sandra Ung,Sandra Ung,Sandra Ung,Sandra Ung
NewYorkCity_06222021_DEMCouncilMember25thCouncilDistrict.csv,"['IRV', 'Condorcet', 'Approval']",0.392644202,8,Shekar Krishnan,Shekar Krishnan,Yi Andy Chen,,Yi Andy Chen,Yi Andy Chen,Yi Andy Chen,Shekar Krishnan,Yi Andy Chen
NewYorkCity_06222021_DEMCouncilMember33rdCouncilDistrict.csv,[],0.420248132,8,Lincoln Restler,Lincoln Restler,Lincoln Restler,,Lincoln Restler,Lincoln Restler,Lincoln Restler,Lincoln Restler,Lincoln Restler
NewYorkCity_06222021_DEMCouncilMember46thCouncilDistrict.csv,[],0.422579423,8,Mercedes Narcisse,Mercedes Narcisse,Mercedes Narcisse,,Mercedes Narcisse,Mercedes Narcisse,Mercedes Narcisse,Mercedes Narcisse,Mercedes Narcisse
SanFrancisco_06052018_Mayor.csv,"['IRV', 'Condorcet', 'Plurality', 'Approval']",0.323960413,8,LONDON BREED,LONDON BREED,LONDON BREED,,JANE KIM,JANE KIM,JANE KIM,MARK LENO,JANE KIM
SanFrancisco_11022004_BoardofSupervisorsDistrict11.csv,[],0.329780808,8,Gerardo Sandoval,Gerardo Sandoval,Gerardo Sandoval,,Gerardo Sandoval,Gerardo Sandoval,Gerardo Sandoval,Gerardo Sandoval,Gerardo Sandoval
SanFrancisco_11062012_BoardofSupervisorsDistrict5.csv,[],0.320308512,8,LONDON BREED,LONDON BREED,LONDON BREED,,LONDON BREED,LONDON BREED,LONDON BREED,LONDON BREED,LONDON BREED
SanFrancisco_11062018_BoardofSupervisorsDistrict4.csv,[],0.376052484,8,GORDON MAR,GORDON MAR,GORDON MAR,,GORDON MAR,GORDON MAR,GORDON MAR,GORDON MAR,GORDON MAR
SanFrancisco_11072006_BoardofSupervisorsDistrict6.csv,[],0.476171897,8,Chris Daly,Chris Daly,Chris Daly,,Chris Daly,Chris Daly,Chris Daly,Chris Daly,Chris Daly
NewYorkCity_06222021_DEMCouncilMember1stCouncilDistrict.csv,[],0.351527085,9,Christopher Marte,Christopher Marte,Christopher Marte,,Christopher Marte,Christopher Marte,Christopher Marte,Christopher Marte,Christopher Marte
NewYorkCity_06222021_DEMCouncilMember29thCouncilDistrict.csv,[],0.32677602,9,Lynn C. Schulman,Lynn C. Schulman,Lynn C. Schulman,,Lynn C. Schulman,Lynn C. Schulman,Lynn C. Schulman,Lynn C. Schulman,Lynn C. Schulman
NewYorkCity_06222021_DEMCouncilMember49thCouncilDistrict.csv,[],0.31621071,9,Kamillah Hanks,Kamillah Hanks,Kamillah Hanks,,Kamillah Hanks,Kamillah Hanks,Kamillah Hanks,Kamillah Hanks,Kamillah Hanks
SanFrancisco_11042008_BoardofSupervisorsDistrict1.csv,['Approval'],0.303100721,9,ERIC MAR,ERIC MAR,ERIC MAR,,ERIC MAR,ERIC MAR,ERIC MAR,SUE LEE,ERIC MAR
SanFrancisco_11042008_BoardofSupervisorsDistrict11.csv,[],0.272189111,9,JOHN AVALOS,JOHN AVALOS,JOHN AVALOS,,JOHN AVALOS,JOHN AVALOS,JOHN AVALOS,JOHN AVALOS,JOHN AVALOS
SanFrancisco_11042008_BoardofSupervisorsDistrict3.csv,[],0.334785793,9,DAVID CHIU,DAVID CHIU,DAVID CHIU,,DAVID CHIU,DAVID CHIU,DAVID CHIU,DAVID CHIU,DAVID CHIU
SanFrancisco_11062012_BoardofSupervisorsDistrict7.csv,"['IRV', 'Condorcet', 'Approval']",0.302988915,9,NORMAN YEE,NORMAN YEE,NORMAN YEE,,F. X. FRANCIS XAVIER CROWLEY,NORMAN YEE,F. X. FRANCIS XAVIER CROWLEY,NORMAN YEE,F. X. FRANCIS XAVIER CROWLEY
Wyoming_04172020_PRESIDENTOFTHEUNITEDSTATES.csv,[],0.556356317,9,Joseph R. Biden,Joseph R. Biden,Joseph R. Biden,,Joseph R. Biden,Joseph R. Biden,Joseph R. Biden,Joseph R. Biden,Joseph R. Biden
LasCruces_11052019_MAYORCITYOFLASCRUCES.csv,[],0.227343861,10,KEN MIYAGISHIMA,KEN MIYAGISHIMA,KEN MIYAGISHIMA,,KEN MIYAGISHIMA,KEN MIYAGISHIMA,KEN MIYAGISHIMA,KEN MIYAGISHIMA,KEN MIYAGISHIMA
NewYorkCity_06222021_DEMComptrollerCitywide.csv,['Approval'],0.358814238,10,Brad Lander,Brad Lander,Brad Lander,,Brad Lander,Brad Lander,Brad Lander,Corey D. Johnson,Brad Lander
Oakland_11022010_Mayor.csv,[],0.185719299,10,JEAN QUAN,JEAN QUAN,DON PERATA,,JEAN QUAN,DON PERATA,JEAN QUAN,JEAN QUAN,JEAN QUAN
Oakland_11062018_Mayor.csv,[],0.33164999,10,LIBBY SCHAAF,LIBBY SCHAAF,LIBBY SCHAAF,,LIBBY SCHAAF,LIBBY SCHAAF,LIBBY SCHAAF,LIBBY SCHAAF,LIBBY SCHAAF
Oakland_11082022_Mayor.csv,"['IRV', 'Condorcet', 'Approval']",0.207634294,10,SHENG THAO,SHENG THAO,LOREN MANUEL TAYLOR,,LOREN MANUEL TAYLOR,LOREN MANUEL TAYLOR,LOREN MANUEL TAYLOR,SHENG THAO,LOREN MANUEL TAYLOR
SanFrancisco_11082016_BoardofSupervisorsDistrict1.csv,[],0.284267153,10,SANDRA LEE FEWER,SANDRA LEE FEWER,SANDRA LEE FEWER,,SANDRA LEE FEWER,SANDRA LEE FEWER,SANDRA LEE FEWER,SANDRA LEE FEWER,SANDRA LEE FEWER
Hawaii_05232020_PresidentoftheUnitedStateCD1.csv,[],0.524514846,11,Joseph R. Biden,Joseph R. Biden,Joseph R. Biden,,Joseph R. Biden,Joseph R. Biden,Joseph R. Biden,Joseph R. Biden,Joseph R. Biden
Hawaii_05232020_PresidentoftheUnitedStateCD1CD2.csv,[],0.444733532,11,Joseph R. Biden,Joseph R. Biden,Joseph R. Biden,,Joseph R. Biden,Joseph R. Biden,Joseph R. Biden,Joseph R. Biden,Joseph R. Biden
Hawaii_05232020_PresidentoftheUnitedStateCD2.csv,[],0.417300054,11,Joseph R. Biden,Joseph R. Biden,Joseph R. Biden,,Joseph R. Biden,Joseph R. Biden,Joseph R. Biden,Joseph R. Biden,Joseph R. Biden
Minneapolis_11062009_Mayor.csv,[],0.595015645,11,R.T. Rybak,R.T. Rybak,R.T. Rybak,,R.T. Rybak,R.T. Rybak,R.T. Rybak,R.T. Rybak,R.T. Rybak
NewYorkCity_06222021_DEMCouncilMember40thCouncilDistrict.csv,[],0.281338044,11,Rita C. Joseph,Rita C. Joseph,Rita C. Joseph,,Rita C. Joseph,Rita C. Joseph,Rita C. Joseph,Rita C. Joseph,Rita C. Joseph
Portland_06082021_charter_commission_at_large.csv,"['IRV', 'Condorcet', 'Plurality', 'Approval']",0.151805034,11,"Chann, Marpheen S.","Chann, Marpheen S.","Sheikh-Yousef, Nasreen A.",,"DiMillo, Steven A.","DiMillo, Steven A.","DiMillo, Steven A.","Sheikh-Yousef, Nasreen A.","DiMillo, Steven A."
Minneapolis_08112020_Ward6CityCouncilSpecialElection.csv,[],0.56824945,12,Jamal Osman,Jamal Osman,Jamal Osman,,Jamal Osman,Jamal Osman,Jamal Osman,Jamal Osman,Jamal Osman
NewYorkCity_06222021_DEMBoroughPresidentKings.csv,[],0.351208945,12,Antonio Reynoso,Antonio Reynoso,Antonio Reynoso,,Antonio Reynoso,Antonio Reynoso,Antonio Reynoso,Antonio Reynoso,Antonio Reynoso
NewYorkCity_06222021_DEMCouncilMember27thCouncilDistrict.csv,[],0.25798237,12,Nantasha M. Williams,Nantasha M. Williams,Nantasha M. Williams,,Nantasha M. Williams,Nantasha M. Williams,Nantasha M. Williams,Nantasha M. Williams,Nantasha M. Williams
NewYorkCity_06222021_DEMCouncilMember7thCouncilDistrict.csv,[],0.313517705,12,Shaun Abreu,Shaun Abreu,Shaun Abreu,,Shaun Abreu,Shaun Abreu,Shaun Abreu,Shaun Abreu,Shaun Abreu
SanFrancisco_11062007_Mayor.csv,[],0.612081177,12,Gavin Newsom,Gavin Newsom,Gavin Newsom,,Gavin Newsom,Gavin Newsom,Gavin Newsom,Gavin Newsom,Gavin Newsom
NewYorkCity_06222021_DEMCouncilMember9thCouncilDistrict.csv,"['IRV', 'Condorcet']",0.263873204,13,Kristin Richardson Jordan,Kristin Richardson Jordan,Bill Perkins,,Bill Perkins,Bill Perkins,Bill Perkins,Bill Perkins,Bill Perkins
NewYorkCity_06222021_DEMMayorCitywide.csv,[],0.165850332,13,Eric L. Adams,Eric L. Adams,Eric L. Adams,,Eric L. Adams,Eric L. Adams,Eric L. Adams,Eric L. Adams,Eric L. Adams
SanFrancisco_11022004_BoardofSupervisorsDistrict7.csv,[],0.210752552,13,Sean R. Elsbernd,Sean R. Elsbernd,Sean R. Elsbernd,,Sean R. Elsbernd,Sean R. Elsbernd,Sean R. Elsbernd,Sean R. Elsbernd,Sean R. Elsbernd
SanFrancisco_11022010_BoardofSupervisorsDistrict6.csv,[],0.316454503,14,JANE KIM,JANE KIM,JANE KIM,,JANE KIM,JANE KIM,JANE KIM,JANE KIM,JANE KIM
NewYorkCity_06222021_DEMCouncilMember26thCouncilDistrict.csv,[],0.210711297,15,Julie Won,Julie Won,Julie Won,,Julie Won,Julie Won,Julie Won,Julie Won,Julie Won
Oakland_11042014_Mayor.csv,[],0.252878957,16,LIBBY SCHAAF,LIBBY SCHAAF,LIBBY SCHAAF,,LIBBY SCHAAF,LIBBY SCHAAF,LIBBY SCHAAF,LIBBY SCHAAF,LIBBY SCHAAF
SanFrancisco_11082011_Mayor.csv,[],0.233296874,16,ED LEE,ED LEE,ED LEE,,ED LEE,ED LEE,ED LEE,ED LEE,ED LEE
Minneapolis_11022021_Mayor.csv,[],0.282111335,18,Jacob Frey,Jacob Frey,Jacob Frey,,Jacob Frey,Jacob Frey,Jacob Frey,Jacob Frey,Jacob Frey
SanFrancisco_11022010_BoardofSupervisorsDistrict10.csv,"['IRV', 'Condorcet', 'Approval']",0.316625917,21,MALIA COHEN,MALIA COHEN,LYNETTE SWEET,,LYNETTE SWEET,LYNETTE SWEET,LYNETTE SWEET,MALIA COHEN,LYNETTE SWEET
SanFrancisco_11022004_BoardofSupervisorsDistrict5.csv,[],0.124640406,22,Ross Mirkarimi,Ross Mirkarimi,Ross Mirkarimi,,Ross Mirkarimi,Ross Mirkarimi,Ross Mirkarimi,Ross Mirkarimi,Ross Mirkarimi
Minneapolis_11052013_Mayor.csv,"['IRV', 'Condorcet', 'Plurality', 'Approval']",0.167527527,35,BETSY HODGES,BETSY HODGES,BETSY HODGES,,MARK ANDREW,MARK ANDREW,MARK ANDREW,BETSY HODGES,MARK ANDREW
Easthampton_11022021_Mayor.csv,[],0.608927705,66,NICOLE M. LACHAPELLE,NICOLE M. LACHAPELLE,NICOLE M. LACHAPELLE,,NICOLE M. LACHAPELLE,NICOLE M. LACHAPELLE,NICOLE M. LACHAPELLE,NICOLE M. LACHAPELLE,NICOLE M. LACHAPELLE
Albany_11082022_FAKECityCouncil.csv,"['Condorcet', 'Approval']",,,ROBIN D  LOPEZ,NICK PILCH,JENNIFER HANSEN ROMERO,,ROBIN D  LOPEZ,JENNIFER HANSEN ROMERO,ROBIN D  LOPEZ,NICK PILCH,ROBIN D  LOPEZ
