Index,rank1,rank2,rank3,rank4
VI01,MARDI SIFUENTES,KRISTAL C. PRICE,skipped,skipped
VI02,MARDI SIFUENTES,AMBER RASMUSSEN,uwi,NEF PACHECO
VI03,AMBER RASMUSSEN,MARDI SIFUENTES,NEF PACHECO,skipped
VI04,KRISTAL C. PRICE,MARDI SIFUENTES,skipped,skipped
VI05,MARDI SIFUENTES,KRISTAL C. PRICE,NEF PACHECO,AMBER RASMUSSEN
VI06,NEF PACHECO,AMBER RASMUSSEN,MARDI SIFUENTES,skipped
VI07,MARDI SIFUENTES,KRISTAL C. PRICE,skipped,skipped
VI08,AMBER RASMUSSEN,NEF PACHECO,uwi,skipped
VI09,MARDI SIFUENTES,AMBER RASMUSSEN,NEF PACHECO,KRISTAL C. PRICE
VI10,KRISTAL C. PRICE,MARDI SIFUENTES,skipped,skipped
VI11,MARDI SIFUENTES,NEF PACHECO,AMBER RASMUSSEN,skipped
VI12,MARDI SIFUENTES,AMBER RASMUSSEN,uwi,NEF PACHECO
VI13,AMBER RASMUSSEN,NEF PACHECO,MARDI SIFUENTES,skipped
VI14,MARDI SIFUENTES,AMBER RASMUSSEN,NEF PACHECO,skipped
VI15,AMBER RASMUSSEN,NEF PACHECO,skipped,skipped
VI16,NEF PACHECO,MARDI SIFUENTES,AMBER RASMUSSEN,uwi
VI17,AMBER RASMUSSEN,MARDI SIFUENTES,NEF PACHECO,skipped
VI18,MARDI SIFUENTES,AMBER RASMUSSEN,KRISTAL C. PRICE,NEF PACHECO
VI19,AMBER RASMUSSEN,MARDI SIFUENTES,NEF PACHECO,skipped
VI20,MARDI SIFUENTES,KRISTAL C. PRICE,AMBER RASMUSSEN,NEF PACHECO
VI21,AMBER RASMUSSEN,MARDI SIFUENTES,KRISTAL C. PRICE,NEF PACHECO
VI22,MARDI SIFUENTES,NEF PACHECO,AMBER RASMUSSEN,skipped
VI23,NEF PACHECO,MARDI SIFUENTES,AMBER RASMUSSEN,skipped
VI24,NEF PACHECO,MARDI SIFUENTES,AMBER RASMUSSEN,uwi
VI25,MARDI SIFUENTES,KRISTAL C. PRICE,NEF PACHECO,AMBER RASMUSSEN
VI26,KRISTAL C. PRICE,MARDI SIFUENTES,AMBER RASMUSSEN,NEF PACHECO
VI27,MARDI SIFUENTES,AMBER RASMUSSEN,NEF PACHECO,KRISTAL C. PRICE
VI28,MARDI SIFUENTES,AMBER RASMUSSEN,NEF PACHECO,skipped
VI29,AMBER RASMUSSEN,MARDI SIFUENTES,NEF PACHECO,skipped
VI30,KRISTAL C. PRICE,MARDI SIFUENTES,NEF PACHECO,AMBER RASMUSSEN
VI31,MARDI SIFUENTES,AMBER RASMUSSEN,NEF PACHECO,uwi
VI32,MARDI SIFUENTES,KRISTAL C. PRICE,AMBER RASMUSSEN,NEF PACHECO
VI33,MARDI SIFUENTES,AMBER RASMUSSEN,NEF PACHECO,skipped
VI34,MARDI SIFUENTES,NEF PACHECO,AMBER RASMUSSEN,KRISTAL C. PRICE
VI35,MARDI SIFUENTES,NEF PACHECO,AMBER RASMUSSEN,uwi
VI36,MARDI SIFUENTES,AMBER RASMUSSEN,NEF PACHECO,skipped
VI37,NEF PACHECO,AMBER RASMUSSEN,MARDI SIFUENTES,skipped
VI38,KRISTAL C. PRICE,AMBER RASMUSSEN,MARDI SIFUENTES,NEF PACHECO
VI39,AMBER RASMUSSEN,MARDI SIFUENTES,KRISTAL C. PRICE,NEF PACHECO
VI40,MARDI SIFUENTES,AMBER RASMUSSEN,NEF PACHECO,skipped
VI41,AMBER RASMUSSEN,NEF PACHECO,MARDI SIFUENTES,skipped
VI42,AMBER RASMUSSEN,MARDI SIFUENTES,NEF PACHECO,KRISTAL C. PRICE
VI43,skipped,skipped,skipped,skipped
VI44,MARDI SIFUENTES,AMBER RASMUSSEN,NEF PACHECO,KRISTAL C. PRICE
VI45,MARDI SIFUENTES,AMBER RASMUSSEN,NEF PACHECO,skipped
VI46,AMBER RASMUSSEN,NEF PACHECO,MARDI SIFUENTES,skipped
VI47,MARDI SIFUENTES,KRISTAL C. PRICE,NEF PACHECO,AMBER RASMUSSEN
VI48,KRISTAL C. PRICE,MARDI SIFUENTES,skipped,skipped
VI49,AMBER RASMUSSEN,NEF PACHECO,MARDI SIFUENTES,uwi
VI50,KRISTAL C. PRICE,MARDI SIFUENTES,skipped,skipped
VI51,AMBER RASMUSSEN,MARDI SIFUENTES,NEF PACHECO,skipped
VI52,KRISTAL C. PRICE,MARDI SIFUENTES,skipped,skipped
VI53,KRISTAL C. PRICE,MARDI SIFUENTES,skipped,skipped
VI54,KRISTAL C. PRICE,AMBER RASMUSSEN,NEF PACHECO,MARDI SIFUENTES
VI55,MARDI SIFUENTES,NEF PACHECO,AMBER RASMUSSEN,skipped
VI56,MARDI SIFUENTES,KRISTAL C. PRICE,NEF PACHECO,AMBER RASMUSSEN
VI57,MARDI SIFUENTES,uwi,AMBER RASMUSSEN,NEF PACHECO
VI58,MARDI SIFUENTES,KRISTAL C. PRICE,AMBER RASMUSSEN,NEF PACHECO
VI59,KRISTAL C. PRICE,MARDI SIFUENTES,AMBER RASMUSSEN,NEF PACHECO
VI60,MARDI SIFUENTES,skipped,skipped,skipped
VI61,AMBER RASMUSSEN,MARDI SIFUENTES,NEF PACHECO,uwi
VI62,KRISTAL C. PRICE,AMBER RASMUSSEN,MARDI SIFUENTES,skipped
VI63,MARDI SIFUENTES,AMBER RASMUSSEN,NEF PACHECO,skipped
VI64,MARDI SIFUENTES,AMBER RASMUSSEN,skipped,skipped
VI65,MARDI SIFUENTES,AMBER RASMUSSEN,NEF PACHECO,skipped
VI66,KRISTAL C. PRICE,MARDI SIFUENTES,AMBER RASMUSSEN,NEF PACHECO
VI67,KRISTAL C. PRICE,AMBER RASMUSSEN,skipped,skipped
VI68,KRISTAL C. PRICE,MARDI SIFUENTES,NEF PACHECO,AMBER RASMUSSEN
VI69,MARDI SIFUENTES,AMBER RASMUSSEN,KRISTAL C. PRICE,NEF PACHECO
VI70,KRISTAL C. PRICE,MARDI SIFUENTES,NEF PACHECO,AMBER RASMUSSEN
VI71,AMBER RASMUSSEN,NEF PACHECO,MARDI SIFUENTES,skipped
VI72,MARDI SIFUENTES,NEF PACHECO,AMBER RASMUSSEN,skipped
VI73,KRISTAL C. PRICE,MARDI SIFUENTES,NEF PACHECO,AMBER RASMUSSEN
VI74,AMBER RASMUSSEN,MARDI SIFUENTES,NEF PACHECO,skipped
VI75,MARDI SIFUENTES,KRISTAL C. PRICE,AMBER RASMUSSEN,NEF PACHECO
VI76,KRISTAL C. PRICE,MARDI SIFUENTES,AMBER RASMUSSEN,NEF PACHECO
VI77,AMBER RASMUSSEN,MARDI SIFUENTES,NEF PACHECO,uwi
VI78,MARDI SIFUENTES,uwi,NEF PACHECO,AMBER RASMUSSEN
VI79,NEF PACHECO,MARDI SIFUENTES,AMBER RASMUSSEN,uwi
VI80,MARDI SIFUENTES,AMBER RASMUSSEN,NEF PACHECO,skipped
VI81,MARDI SIFUENTES,NEF PACHECO,AMBER RASMUSSEN,skipped
VI82,MARDI SIFUENTES,KRISTAL C. PRICE,NEF PACHECO,AMBER RASMUSSEN
VI83,KRISTAL C. PRICE,MARDI SIFUENTES,AMBER RASMUSSEN,NEF PACHECO
VI84,MARDI SIFUENTES,NEF PACHECO,AMBER RASMUSSEN,uwi
VI85,AMBER RASMUSSEN,MARDI SIFUENTES,NEF PACHECO,KRISTAL C. PRICE
VI86,MARDI SIFUENTES,KRISTAL C. PRICE,NEF PACHECO,AMBER RASMUSSEN
VI87,MARDI SIFUENTES,AMBER RASMUSSEN,uwi,NEF PACHECO
VI88,MARDI SIFUENTES,KRISTAL C. PRICE,NEF PACHECO,AMBER RASMUSSEN
VI89,MARDI SIFUENTES,AMBER RASMUSSEN,NEF PACHECO,skipped
VI90,MARDI SIFUENTES,AMBER RASMUSSEN,NEF PACHECO,skipped
VI91,MARDI SIFUENTES,AMBER RASMUSSEN,skipped,skipped
VI92,MARDI SIFUENTES,KRISTAL C. PRICE,NEF PACHECO,AMBER RASMUSSEN
VI93,AMBER RASMUSSEN,NEF PACHECO,MARDI SIFUENTES,skipped
VI94,MARDI SIFUENTES,AMBER RASMUSSEN,NEF PACHECO,uwi
VI95,MARDI SIFUENTES,KRISTAL C. PRICE,AMBER RASMUSSEN,NEF PACHECO
VI96,skipped,skipped,skipped,skipped
VI97,MARDI SIFUENTES,KRISTAL C. PRICE,NEF PACHECO,AMBER RASMUSSEN
VI98,MARDI SIFUENTES,NEF PACHECO,AMBER RASMUSSEN,skipped
VI99,AMBER RASMUSSEN,MARDI SIFUENTES,KRISTAL C. PRICE,NEF PACHECO
VI100,KRISTAL C. PRICE,MARDI SIFUENTES,AMBER RASMUSSEN,NEF PACHECO
VI101,MARDI SIFUENTES,NEF PACHECO,AMBER RASMUSSEN,skipped
VI102,MARDI SIFUENTES,NEF PACHECO,AMBER RASMUSSEN,skipped
VI103,MARDI SIFUENTES,uwi,AMBER RASMUSSEN,NEF PACHECO
VI104,KRISTAL C. PRICE,MARDI SIFUENTES,AMBER RASMUSSEN,NEF PACHECO
VI105,NEF PACHECO,AMBER RASMUSSEN,MARDI SIFUENTES,KRISTAL C. PRICE
VI106,MARDI SIFUENTES,KRISTAL C. PRICE,NEF PACHECO,skipped
VI107,MARDI SIFUENTES,KRISTAL C. PRICE,NEF PACHECO,AMBER RASMUSSEN
VI108,MARDI SIFUENTES,AMBER RASMUSSEN,skipped,skipped
VI109,MARDI SIFUENTES,AMBER RASMUSSEN,NEF PACHECO,uwi
VI110,MARDI SIFUENTES,KRISTAL C. PRICE,NEF PACHECO,AMBER RASMUSSEN
VI111,KRISTAL C. PRICE,MARDI SIFUENTES,skipped,skipped
VI112,MARDI SIFUENTES,NEF PACHECO,KRISTAL C. PRICE,AMBER RASMUSSEN
VI113,MARDI SIFUENTES,AMBER RASMUSSEN,KRISTAL C. PRICE,NEF PACHECO
VI114,KRISTAL C. PRICE,MARDI SIFUENTES,AMBER RASMUSSEN,NEF PACHECO
VI115,KRISTAL C. PRICE,MARDI SIFUENTES,skipped,skipped
VI116,KRISTAL C. PRICE,MARDI SIFUENTES,AMBER RASMUSSEN,NEF PACHECO
VI117,KRISTAL C. PRICE,MARDI SIFUENTES,AMBER RASMUSSEN,NEF PACHECO
VI118,AMBER RASMUSSEN,MARDI SIFUENTES,NEF PACHECO,skipped
VI119,AMBER RASMUSSEN,MARDI SIFUENTES,NEF PACHECO,skipped
VI120,uwi,MARDI SIFUENTES,AMBER RASMUSSEN,NEF PACHECO
VI121,skipped,skipped,skipped,skipped
VI122,MARDI SIFUENTES,AMBER RASMUSSEN,KRISTAL C. PRICE,NEF PACHECO
VI123,NEF PACHECO,MARDI SIFUENTES,AMBER RASMUSSEN,KRISTAL C. PRICE
VI124,MARDI SIFUENTES,AMBER RASMUSSEN,KRISTAL C. PRICE,NEF PACHECO
VI125,AMBER RASMUSSEN,MARDI SIFUENTES,NEF PACHECO,skipped
VI126,MARDI SIFUENTES,NEF PACHECO,AMBER RASMUSSEN,KRISTAL C. PRICE
VI127,MARDI SIFUENTES,NEF PACHECO,AMBER RASMUSSEN,skipped
VI128,MARDI SIFUENTES,NEF PACHECO,AMBER RASMUSSEN,skipped
VI129,MARDI SIFUENTES,NEF PACHECO,AMBER RASMUSSEN,skipped
VI130,MARDI SIFUENTES,KRISTAL C. PRICE,NEF PACHECO,AMBER RASMUSSEN
VI131,AMBER RASMUSSEN,NEF PACHECO,MARDI SIFUENTES,uwi
VI132,MARDI SIFUENTES,NEF PACHECO,skipped,AMBER RASMUSSEN
VI133,MARDI SIFUENTES,KRISTAL C. PRICE,NEF PACHECO,AMBER RASMUSSEN
VI134,KRISTAL C. PRICE,MARDI SIFUENTES,AMBER RASMUSSEN,NEF PACHECO
VI135,AMBER RASMUSSEN,MARDI SIFUENTES,NEF PACHECO,uwi
VI136,MARDI SIFUENTES,KRISTAL C. PRICE,NEF PACHECO,AMBER RASMUSSEN
VI137,NEF PACHECO,AMBER RASMUSSEN,skipped,skipped
VI138,MARDI SIFUENTES,KRISTAL C. PRICE,AMBER RASMUSSEN,NEF PACHECO
VI139,MARDI SIFUENTES,AMBER RASMUSSEN,NEF PACHECO,KRISTAL C. PRICE
VI140,uwi,skipped,skipped,skipped
VI141,NEF PACHECO,AMBER RASMUSSEN,MARDI SIFUENTES,skipped
VI142,AMBER RASMUSSEN,MARDI SIFUENTES,NEF PACHECO,skipped
VI143,MARDI SIFUENTES,AMBER RASMUSSEN,NEF PACHECO,skipped
VI144,MARDI SIFUENTES,KRISTAL C. PRICE,NEF PACHECO,AMBER RASMUSSEN
VI145,MARDI SIFUENTES,AMBER RASMUSSEN,NEF PACHECO,skipped
VI146,MARDI SIFUENTES,KRISTAL C. PRICE,AMBER RASMUSSEN,NEF PACHECO
VI147,MARDI SIFUENTES,skipped,skipped,skipped
VI148,NEF PACHECO,AMBER RASMUSSEN,MARDI SIFUENTES,skipped
VI149,MARDI SIFUENTES,skipped,skipped,skipped
VI150,skipped,skipped,skipped,skipped
VI151,skipped,skipped,skipped,skipped
VI152,skipped,skipped,skipped,skipped
VI153,AMBER RASMUSSEN,MARDI SIFUENTES,NEF PACHECO,skipped
VI154,AMBER RASMUSSEN,NEF PACHECO,MARDI SIFUENTES,uwi
VI155,KRISTAL C. PRICE,NEF PACHECO,AMBER RASMUSSEN,MARDI SIFUENTES
VI156,MARDI SIFUENTES,skipped,skipped,skipped
VI157,KRISTAL C. PRICE,NEF PACHECO,MARDI SIFUENTES,AMBER RASMUSSEN
VI158,MARDI SIFUENTES,AMBER RASMUSSEN,NEF PACHECO,skipped
VI159,MARDI SIFUENTES,KRISTAL C. PRICE,NEF PACHECO,AMBER RASMUSSEN
VI160,KRISTAL C. PRICE,MARDI SIFUENTES,AMBER RASMUSSEN,NEF PACHECO
VI161,AMBER RASMUSSEN,NEF PACHECO,MARDI SIFUENTES,skipped
VI162,MARDI SIFUENTES,AMBER RASMUSSEN,KRISTAL C. PRICE,NEF PACHECO
VI163,AMBER RASMUSSEN,NEF PACHECO,MARDI SIFUENTES,uwi
VI164,MARDI SIFUENTES,AMBER RASMUSSEN,NEF PACHECO,skipped
VI165,KRISTAL C. PRICE,MARDI SIFUENTES,AMBER RASMUSSEN,NEF PACHECO
VI166,KRISTAL C. PRICE,AMBER RASMUSSEN,MARDI SIFUENTES,NEF PACHECO
VI167,MARDI SIFUENTES,AMBER RASMUSSEN,KRISTAL C. PRICE,NEF PACHECO
VI168,MARDI SIFUENTES,AMBER RASMUSSEN,NEF PACHECO,skipped
VI169,NEF PACHECO,MARDI SIFUENTES,AMBER RASMUSSEN,uwi
VI170,NEF PACHECO,MARDI SIFUENTES,KRISTAL C. PRICE,AMBER RASMUSSEN
VI171,AMBER RASMUSSEN,MARDI SIFUENTES,NEF PACHECO,uwi
VI172,MARDI SIFUENTES,KRISTAL C. PRICE,NEF PACHECO,skipped
VI173,KRISTAL C. PRICE,MARDI SIFUENTES,AMBER RASMUSSEN,NEF PACHECO
VI174,skipped,skipped,skipped,skipped
VI175,MARDI SIFUENTES,AMBER RASMUSSEN,KRISTAL C. PRICE,NEF PACHECO
VI176,skipped,skipped,skipped,skipped
VI177,MARDI SIFUENTES,KRISTAL C. PRICE,AMBER RASMUSSEN,NEF PACHECO
VI178,NEF PACHECO,KRISTAL C. PRICE,MARDI SIFUENTES,AMBER RASMUSSEN
VI179,NEF PACHECO,MARDI SIFUENTES,KRISTAL C. PRICE,skipped
VI180,NEF PACHECO,MARDI SIFUENTES,AMBER RASMUSSEN,KRISTAL C. PRICE
VI181,KRISTAL C. PRICE,MARDI SIFUENTES,NEF PACHECO,skipped
VI182,AMBER RASMUSSEN,MARDI SIFUENTES,NEF PACHECO,skipped
VI183,MARDI SIFUENTES,NEF PACHECO,AMBER RASMUSSEN,uwi
VI184,skipped,skipped,skipped,skipped
VI185,MARDI SIFUENTES,KRISTAL C. PRICE,NEF PACHECO,AMBER RASMUSSEN
VI186,KRISTAL C. PRICE,MARDI SIFUENTES,AMBER RASMUSSEN,NEF PACHECO
VI187,MARDI SIFUENTES,NEF PACHECO,AMBER RASMUSSEN,uwi
VI188,MARDI SIFUENTES,skipped,skipped,skipped
VI189,KRISTAL C. PRICE,MARDI SIFUENTES,AMBER RASMUSSEN,skipped
VI190,MARDI SIFUENTES,NEF PACHECO,uwi,AMBER RASMUSSEN
VI191,AMBER RASMUSSEN,MARDI SIFUENTES,NEF PACHECO,skipped
VI192,MARDI SIFUENTES,AMBER RASMUSSEN,NEF PACHECO,uwi
VI193,AMBER RASMUSSEN,skipped,skipped,skipped
VI194,MARDI SIFUENTES,AMBER RASMUSSEN,KRISTAL C. PRICE,NEF PACHECO
VI195,MARDI SIFUENTES,skipped,skipped,skipped
VI196,KRISTAL C. PRICE,AMBER RASMUSSEN,NEF PACHECO,MARDI SIFUENTES
VI197,KRISTAL C. PRICE,skipped,skipped,skipped
VI198,MARDI SIFUENTES,KRISTAL C. PRICE,skipped,skipped
VI199,AMBER RASMUSSEN,MARDI SIFUENTES,KRISTAL C. PRICE,NEF PACHECO
VI200,AMBER RASMUSSEN,NEF PACHECO,MARDI SIFUENTES,skipped
VI201,MARDI SIFUENTES,NEF PACHECO,KRISTAL C. PRICE,skipped
VI202,KRISTAL C. PRICE,NEF PACHECO,AMBER RASMUSSEN,MARDI SIFUENTES
VI203,AMBER RASMUSSEN,NEF PACHECO,MARDI SIFUENTES,skipped
VI204,AMBER RASMUSSEN,MARDI SIFUENTES,uwi,NEF PACHECO
VI205,MARDI SIFUENTES,NEF PACHECO,KRISTAL C. PRICE,skipped
VI206,NEF PACHECO,MARDI SIFUENTES,AMBER RASMUSSEN,skipped
VI207,MARDI SIFUENTES,AMBER RASMUSSEN,NEF PACHECO,skipped
VI208,MARDI SIFUENTES,KRISTAL C. PRICE,NEF PACHECO,AMBER RASMUSSEN
VI209,KRISTAL C. PRICE,MARDI SIFUENTES,AMBER RASMUSSEN,NEF PACHECO
VI210,KRISTAL C. PRICE,MARDI SIFUENTES,AMBER RASMUSSEN,NEF PACHECO
VI211,AMBER RASMUSSEN,MARDI SIFUENTES,NEF PACHECO,skipped
VI212,KRISTAL C. PRICE,MARDI SIFUENTES,AMBER RASMUSSEN,NEF PACHECO
VI213,AMBER RASMUSSEN,MARDI SIFUENTES,NEF PACHECO,skipped
VI214,MARDI SIFUENTES,AMBER RASMUSSEN,KRISTAL C. PRICE,NEF PACHECO
VI215,MARDI SIFUENTES,AMBER RASMUSSEN,KRISTAL C. PRICE,NEF PACHECO
VI216,MARDI SIFUENTES,KRISTAL C. PRICE,NEF PACHECO,AMBER RASMUSSEN
VI217,MARDI SIFUENTES,NEF PACHECO,AMBER RASMUSSEN,skipped
VI218,skipped,skipped,skipped,skipped
VI219,MARDI SIFUENTES,KRISTAL C. PRICE,AMBER RASMUSSEN,NEF PACHECO
VI220,MARDI SIFUENTES,NEF PACHECO,AMBER RASMUSSEN,KRISTAL C. PRICE
VI221,NEF PACHECO,MARDI SIFUENTES,AMBER RASMUSSEN,uwi
VI222,MARDI SIFUENTES,NEF PACHECO,AMBER RASMUSSEN,skipped
VI223,AMBER RASMUSSEN,MARDI SIFUENTES,NEF PACHECO,uwi
VI224,MARDI SIFUENTES,KRISTAL C. PRICE,NEF PACHECO,AMBER RASMUSSEN
VI225,NEF PACHECO,MARDI SIFUENTES,AMBER RASMUSSEN,skipped
VI226,MARDI SIFUENTES,AMBER RASMUSSEN,skipped,skipped
VI227,MARDI SIFUENTES,KRISTAL C. PRICE,AMBER RASMUSSEN,NEF PACHECO
VI228,AMBER RASMUSSEN,uwi,skipped,skipped
VI229,MARDI SIFUENTES,KRISTAL C. PRICE,NEF PACHECO,AMBER RASMUSSEN
VI230,MARDI SIFUENTES,KRISTAL C. PRICE,NEF PACHECO,AMBER RASMUSSEN
VI231,KRISTAL C. PRICE,skipped,skipped,skipped
VI232,AMBER RASMUSSEN,uwi,skipped,skipped
VI233,MARDI SIFUENTES,NEF PACHECO,AMBER RASMUSSEN,skipped
VI234,MARDI SIFUENTES,AMBER RASMUSSEN,NEF PACHECO,skipped
VI235,MARDI SIFUENTES,AMBER RASMUSSEN,NEF PACHECO,skipped
VI236,MARDI SIFUENTES,AMBER RASMUSSEN,NEF PACHECO,uwi
VI237,MARDI SIFUENTES,AMBER RASMUSSEN,NEF PACHECO,skipped
VI238,AMBER RASMUSSEN,NEF PACHECO,MARDI SIFUENTES,skipped
VI239,AMBER RASMUSSEN,MARDI SIFUENTES,KRISTAL C. PRICE,NEF PACHECO
VI240,MARDI SIFUENTES,skipped,skipped,skipped
VI241,MARDI SIFUENTES,skipped,skipped,skipped
VI242,MARDI SIFUENTES,AMBER RASMUSSEN,NEF PACHECO,skipped
VI243,KRISTAL C. PRICE,MARDI SIFUENTES,NEF PACHECO,AMBER RASMUSSEN
VI244,KRISTAL C. PRICE,MARDI SIFUENTES,NEF PACHECO,AMBER RASMUSSEN
VI245,MARDI SIFUENTES,AMBER RASMUSSEN,NEF PACHECO,skipped
VI246,KRISTAL C. PRICE,MARDI SIFUENTES,NEF PACHECO,AMBER RASMUSSEN
VI247,AMBER RASMUSSEN,NEF PACHECO,MARDI SIFUENTES,KRISTAL C. PRICE
VI248,KRISTAL C. PRICE,AMBER RASMUSSEN,MARDI SIFUENTES,NEF PACHECO
VI249,KRISTAL C. PRICE,MARDI SIFUENTES,NEF PACHECO,AMBER RASMUSSEN
VI250,KRISTAL C. PRICE,MARDI SIFUENTES,NEF PACHECO,AMBER RASMUSSEN
VI251,KRISTAL C. PRICE,MARDI SIFUENTES,AMBER RASMUSSEN,NEF PACHECO
VI252,MARDI SIFUENTES,AMBER RASMUSSEN,NEF PACHECO,skipped
VI253,MARDI SIFUENTES,NEF PACHECO,AMBER RASMUSSEN,uwi
VI254,MARDI SIFUENTES,uwi,AMBER RASMUSSEN,NEF PACHECO
VI255,MARDI SIFUENTES,KRISTAL C. PRICE,AMBER RASMUSSEN,NEF PACHECO
VI256,AMBER RASMUSSEN,MARDI SIFUENTES,NEF PACHECO,skipped
VI257,MARDI SIFUENTES,AMBER RASMUSSEN,NEF PACHECO,uwi
VI258,AMBER RASMUSSEN,MARDI SIFUENTES,NEF PACHECO,skipped
VI259,AMBER RASMUSSEN,NEF PACHECO,MARDI SIFUENTES,KRISTAL C. PRICE
VI260,skipped,skipped,skipped,skipped
VI261,AMBER RASMUSSEN,MARDI SIFUENTES,NEF PACHECO,skipped
VI262,NEF PACHECO,MARDI SIFUENTES,KRISTAL C. PRICE,AMBER RASMUSSEN
VI263,MARDI SIFUENTES,NEF PACHECO,AMBER RASMUSSEN,uwi
VI264,KRISTAL C. PRICE,MARDI SIFUENTES,skipped,skipped
VI265,MARDI SIFUENTES,NEF PACHECO,AMBER RASMUSSEN,skipped
VI266,AMBER RASMUSSEN,MARDI SIFUENTES,KRISTAL C. PRICE,NEF PACHECO
VI267,MARDI SIFUENTES,NEF PACHECO,AMBER RASMUSSEN,uwi
VI268,AMBER RASMUSSEN,MARDI SIFUENTES,NEF PACHECO,skipped
VI269,AMBER RASMUSSEN,MARDI SIFUENTES,NEF PACHECO,skipped
VI270,MARDI SIFUENTES,NEF PACHECO,AMBER RASMUSSEN,KRISTAL C. PRICE
VI271,MARDI SIFUENTES,NEF PACHECO,skipped,skipped
VI272,KRISTAL C. PRICE,MARDI SIFUENTES,NEF PACHECO,skipped
VI273,MARDI SIFUENTES,AMBER RASMUSSEN,KRISTAL C. PRICE,NEF PACHECO
VI274,MARDI SIFUENTES,KRISTAL C. PRICE,NEF PACHECO,skipped
VI275,MARDI SIFUENTES,uwi,AMBER RASMUSSEN,NEF PACHECO
VI276,MARDI SIFUENTES,KRISTAL C. PRICE,skipped,skipped
VI277,MARDI SIFUENTES,KRISTAL C. PRICE,AMBER RASMUSSEN,skipped
VI278,MARDI SIFUENTES,KRISTAL C. PRICE,AMBER RASMUSSEN,NEF PACHECO
VI279,KRISTAL C. PRICE,skipped,skipped,skipped
VI280,MARDI SIFUENTES,KRISTAL C. PRICE,AMBER RASMUSSEN,NEF PACHECO
VI281,MARDI SIFUENTES,KRISTAL C. PRICE,NEF PACHECO,AMBER RASMUSSEN
VI282,MARDI SIFUENTES,AMBER RASMUSSEN,NEF PACHECO,skipped
VI283,MARDI SIFUENTES,NEF PACHECO,AMBER RASMUSSEN,skipped
VI284,AMBER RASMUSSEN,skipped,skipped,skipped
VI285,MARDI SIFUENTES,KRISTAL C. PRICE,NEF PACHECO,AMBER RASMUSSEN
VI286,MARDI SIFUENTES,KRISTAL C. PRICE,NEF PACHECO,AMBER RASMUSSEN
VI287,MARDI SIFUENTES,KRISTAL C. PRICE,NEF PACHECO,AMBER RASMUSSEN
VI288,NEF PACHECO,AMBER RASMUSSEN,uwi,MARDI SIFUENTES
VI289,AMBER RASMUSSEN,NEF PACHECO,MARDI SIFUENTES,skipped
VI290,MARDI SIFUENTES,KRISTAL C. PRICE,AMBER RASMUSSEN,NEF PACHECO
VI291,MARDI SIFUENTES,KRISTAL C. PRICE,NEF PACHECO,AMBER RASMUSSEN
VI292,MARDI SIFUENTES,KRISTAL C. PRICE,AMBER RASMUSSEN,NEF PACHECO
VI293,MARDI SIFUENTES,KRISTAL C. PRICE,skipped,skipped
VI294,AMBER RASMUSSEN,MARDI SIFUENTES,skipped,skipped
VI295,AMBER RASMUSSEN,MARDI SIFUENTES,skipped,skipped
VI296,AMBER RASMUSSEN,NEF PACHECO,MARDI SIFUENTES,skipped
VI297,AMBER RASMUSSEN,MARDI SIFUENTES,NEF PACHECO,skipped
VI298,AMBER RASMUSSEN,MARDI SIFUENTES,NEF PACHECO,skipped
VI299,MARDI SIFUENTES,KRISTAL C. PRICE,AMBER RASMUSSEN,NEF PACHECO
VI300,MARDI SIFUENTES,KRISTAL C. PRICE,AMBER RASMUSSEN,NEF PACHECO
VI301,KRISTAL C. PRICE,MARDI SIFUENTES,AMBER RASMUSSEN,NEF PACHECO
VI302,AMBER RASMUSSEN,MARDI SIFUENTES,NEF PACHECO,skipped
VI303,KRISTAL C. PRICE,MARDI SIFUENTES,AMBER RASMUSSEN,NEF PACHECO
VI304,AMBER RASMUSSEN,NEF PACHECO,MARDI SIFUENTES,skipped
VI305,MARDI SIFUENTES,KRISTAL C. PRICE,skipped,skipped
VI306,KRISTAL C. PRICE,skipped,skipped,skipped
VI307,AMBER RASMUSSEN,MARDI SIFUENTES,NEF PACHECO,skipped
VI308,KRISTAL C. PRICE,MARDI SIFUENTES,skipped,skipped
VI309,MARDI SIFUENTES,KRISTAL C. PRICE,NEF PACHECO,AMBER RASMUSSEN
VI310,KRISTAL C. PRICE,AMBER RASMUSSEN,NEF PACHECO,MARDI SIFUENTES
VI311,MARDI SIFUENTES,KRISTAL C. PRICE,AMBER RASMUSSEN,skipped
VI312,KRISTAL C. PRICE,MARDI SIFUENTES,AMBER RASMUSSEN,NEF PACHECO
VI313,AMBER RASMUSSEN,NEF PACHECO,skipped,skipped
VI314,MARDI SIFUENTES,KRISTAL C. PRICE,AMBER RASMUSSEN,skipped
VI315,AMBER RASMUSSEN,NEF PACHECO,MARDI SIFUENTES,uwi
VI316,AMBER RASMUSSEN,MARDI SIFUENTES,NEF PACHECO,uwi
VI317,MARDI SIFUENTES,AMBER RASMUSSEN,KRISTAL C. PRICE,NEF PACHECO
VI318,MARDI SIFUENTES,AMBER RASMUSSEN,KRISTAL C. PRICE,NEF PACHECO
VI319,MARDI SIFUENTES,NEF PACHECO,AMBER RASMUSSEN,skipped
VI320,MARDI SIFUENTES,AMBER RASMUSSEN,NEF PACHECO,skipped
VI321,AMBER RASMUSSEN,MARDI SIFUENTES,NEF PACHECO,uwi
VI322,AMBER RASMUSSEN,KRISTAL C. PRICE,skipped,skipped
VI323,MARDI SIFUENTES,KRISTAL C. PRICE,NEF PACHECO,skipped
VI324,MARDI SIFUENTES,KRISTAL C. PRICE,AMBER RASMUSSEN,NEF PACHECO
VI325,AMBER RASMUSSEN,MARDI SIFUENTES,NEF PACHECO,skipped
VI326,MARDI SIFUENTES,KRISTAL C. PRICE,NEF PACHECO,AMBER RASMUSSEN
VI327,MARDI SIFUENTES,KRISTAL C. PRICE,skipped,skipped
VI328,AMBER RASMUSSEN,MARDI SIFUENTES,AMBER RASMUSSEN,NEF PACHECO
VI329,MARDI SIFUENTES,KRISTAL C. PRICE,NEF PACHECO,AMBER RASMUSSEN
VI330,AMBER RASMUSSEN,MARDI SIFUENTES,NEF PACHECO,uwi
VI331,AMBER RASMUSSEN,MARDI SIFUENTES,NEF PACHECO,uwi
VI332,NEF PACHECO,MARDI SIFUENTES,uwi,AMBER RASMUSSEN
VI333,AMBER RASMUSSEN,MARDI SIFUENTES,NEF PACHECO,uwi
VI334,KRISTAL C. PRICE,MARDI SIFUENTES,NEF PACHECO,AMBER RASMUSSEN
VI335,KRISTAL C. PRICE,MARDI SIFUENTES,NEF PACHECO,AMBER RASMUSSEN
VI336,AMBER RASMUSSEN,MARDI SIFUENTES,KRISTAL C. PRICE,NEF PACHECO
VI337,KRISTAL C. PRICE,MARDI SIFUENTES,NEF PACHECO,AMBER RASMUSSEN
VI338,AMBER RASMUSSEN,MARDI SIFUENTES,KRISTAL C. PRICE,NEF PACHECO
VI339,MARDI SIFUENTES,NEF PACHECO,AMBER RASMUSSEN,uwi
VI340,AMBER RASMUSSEN,MARDI SIFUENTES,KRISTAL C. PRICE,NEF PACHECO
VI341,AMBER RASMUSSEN,MARDI SIFUENTES,NEF PACHECO,uwi
VI342,MARDI SIFUENTES,AMBER RASMUSSEN,NEF PACHECO,skipped
VI343,MARDI SIFUENTES,skipped,skipped,skipped
VI344,AMBER RASMUSSEN,MARDI SIFUENTES,KRISTAL C. PRICE,NEF PACHECO
VI345,AMBER RASMUSSEN,MARDI SIFUENTES,NEF PACHECO,skipped
VI346,MARDI SIFUENTES,KRISTAL C. PRICE,AMBER RASMUSSEN,NEF PACHECO
VI347,AMBER RASMUSSEN,KRISTAL C. PRICE,skipped,skipped
VI348,MARDI SIFUENTES,NEF PACHECO,AMBER RASMUSSEN,KRISTAL C. PRICE
VI349,NEF PACHECO,MARDI SIFUENTES,AMBER RASMUSSEN,skipped
VI350,MARDI SIFUENTES,AMBER RASMUSSEN,skipped,skipped
VI351,AMBER RASMUSSEN,MARDI SIFUENTES,skipped,skipped
VI352,KRISTAL C. PRICE,MARDI SIFUENTES,skipped,skipped
VI353,MARDI SIFUENTES,AMBER RASMUSSEN,NEF PACHECO,uwi
VI354,MARDI SIFUENTES,AMBER RASMUSSEN,KRISTAL C. PRICE,NEF PACHECO
VI355,AMBER RASMUSSEN,MARDI SIFUENTES,NEF PACHECO,uwi
VI356,MARDI SIFUENTES,KRISTAL C. PRICE,skipped,skipped
VI357,AMBER RASMUSSEN,MARDI SIFUENTES,NEF PACHECO,skipped
VI358,MARDI SIFUENTES,KRISTAL C. PRICE,NEF PACHECO,AMBER RASMUSSEN
VI359,AMBER RASMUSSEN,MARDI SIFUENTES,NEF PACHECO,skipped
VI360,MARDI SIFUENTES,NEF PACHECO,AMBER RASMUSSEN,skipped
VI361,MARDI SIFUENTES,NEF PACHECO,AMBER RASMUSSEN,KRISTAL C. PRICE
VI362,AMBER RASMUSSEN,MARDI SIFUENTES,NEF PACHECO,skipped
VI363,AMBER RASMUSSEN,MARDI SIFUENTES,NEF PACHECO,uwi
VI364,KRISTAL C. PRICE,MARDI SIFUENTES,NEF PACHECO,AMBER RASMUSSEN
VI365,MARDI SIFUENTES,KRISTAL C. PRICE,AMBER RASMUSSEN,NEF PACHECO
VI366,MARDI SIFUENTES,KRISTAL C. PRICE,NEF PACHECO,AMBER RASMUSSEN
VI367,KRISTAL C. PRICE,MARDI SIFUENTES,NEF PACHECO,AMBER RASMUSSEN
VI368,NEF PACHECO,AMBER RASMUSSEN,skipped,skipped
VI369,overvote,overvote,overvote,overvote
VI370,AMBER RASMUSSEN,NEF PACHECO,MARDI SIFUENTES,KRISTAL C. PRICE
VI371,AMBER RASMUSSEN,MARDI SIFUENTES,NEF PACHECO,skipped
VI372,AMBER RASMUSSEN,MARDI SIFUENTES,NEF PACHECO,skipped
VI373,MARDI SIFUENTES,AMBER RASMUSSEN,NEF PACHECO,uwi
VI374,AMBER RASMUSSEN,NEF PACHECO,MARDI SIFUENTES,skipped
VI375,AMBER RASMUSSEN,uwi,MARDI SIFUENTES,NEF PACHECO
VI376,MARDI SIFUENTES,NEF PACHECO,AMBER RASMUSSEN,skipped
VI377,MARDI SIFUENTES,AMBER RASMUSSEN,KRISTAL C. PRICE,NEF PACHECO
VI378,MARDI SIFUENTES,AMBER RASMUSSEN,NEF PACHECO,skipped
VI379,MARDI SIFUENTES,NEF PACHECO,AMBER RASMUSSEN,skipped
VI380,KRISTAL C. PRICE,MARDI SIFUENTES,NEF PACHECO,AMBER RASMUSSEN
VI381,MARDI SIFUENTES,NEF PACHECO,KRISTAL C. PRICE,AMBER RASMUSSEN
VI382,AMBER RASMUSSEN,NEF PACHECO,MARDI SIFUENTES,KRISTAL C. PRICE
VI383,MARDI SIFUENTES,KRISTAL C. PRICE,AMBER RASMUSSEN,NEF PACHECO
VI384,MARDI SIFUENTES,NEF PACHECO,AMBER RASMUSSEN,skipped
VI385,NEF PACHECO,AMBER RASMUSSEN,MARDI SIFUENTES,skipped
VI386,MARDI SIFUENTES,AMBER RASMUSSEN,NEF PACHECO,skipped
VI387,MARDI SIFUENTES,AMBER RASMUSSEN,KRISTAL C. PRICE,NEF PACHECO
VI388,KRISTAL C. PRICE,MARDI SIFUENTES,skipped,skipped
VI389,KRISTAL C. PRICE,MARDI SIFUENTES,skipped,skipped
VI390,AMBER RASMUSSEN,skipped,skipped,skipped
VI391,AMBER RASMUSSEN,MARDI SIFUENTES,NEF PACHECO,skipped
VI392,NEF PACHECO,MARDI SIFUENTES,KRISTAL C. PRICE,skipped
VI393,AMBER RASMUSSEN,NEF PACHECO,MARDI SIFUENTES,skipped
VI394,MARDI SIFUENTES,KRISTAL C. PRICE,NEF PACHECO,AMBER RASMUSSEN
VI395,KRISTAL C. PRICE,skipped,skipped,skipped
VI396,NEF PACHECO,MARDI SIFUENTES,AMBER RASMUSSEN,KRISTAL C. PRICE
VI397,MARDI SIFUENTES,AMBER RASMUSSEN,NEF PACHECO,KRISTAL C. PRICE
VI398,MARDI SIFUENTES,AMBER RASMUSSEN,NEF PACHECO,skipped
VI399,MARDI SIFUENTES,KRISTAL C. PRICE,NEF PACHECO,AMBER RASMUSSEN
VI400,skipped,skipped,skipped,skipped
VI401,MARDI SIFUENTES,AMBER RASMUSSEN,KRISTAL C. PRICE,skipped
VI402,AMBER RASMUSSEN,MARDI SIFUENTES,KRISTAL C. PRICE,NEF PACHECO
VI403,MARDI SIFUENTES,AMBER RASMUSSEN,KRISTAL C. PRICE,skipped
VI404,MARDI SIFUENTES,KRISTAL C. PRICE,skipped,skipped
VI405,MARDI SIFUENTES,NEF PACHECO,AMBER RASMUSSEN,skipped
VI406,NEF PACHECO,AMBER RASMUSSEN,MARDI SIFUENTES,skipped
VI407,MARDI SIFUENTES,NEF PACHECO,AMBER RASMUSSEN,uwi
VI408,KRISTAL C. PRICE,MARDI SIFUENTES,skipped,skipped
VI409,AMBER RASMUSSEN,MARDI SIFUENTES,NEF PACHECO,skipped
VI410,MARDI SIFUENTES,KRISTAL C. PRICE,NEF PACHECO,AMBER RASMUSSEN
VI411,MARDI SIFUENTES,AMBER RASMUSSEN,skipped,skipped
VI412,MARDI SIFUENTES,AMBER RASMUSSEN,skipped,skipped
VI413,AMBER RASMUSSEN,MARDI SIFUENTES,NEF PACHECO,skipped
VI414,MARDI SIFUENTES,AMBER RASMUSSEN,KRISTAL C. PRICE,skipped
VI415,AMBER RASMUSSEN,KRISTAL C. PRICE,NEF PACHECO,MARDI SIFUENTES
VI416,MARDI SIFUENTES,NEF PACHECO,skipped,skipped
VI417,NEF PACHECO,MARDI SIFUENTES,KRISTAL C. PRICE,AMBER RASMUSSEN
VI418,MARDI SIFUENTES,AMBER RASMUSSEN,NEF PACHECO,skipped
VI419,AMBER RASMUSSEN,MARDI SIFUENTES,NEF PACHECO,skipped
VI420,MARDI SIFUENTES,NEF PACHECO,uwi,AMBER RASMUSSEN
VI421,MARDI SIFUENTES,KRISTAL C. PRICE,NEF PACHECO,AMBER RASMUSSEN
VI422,MARDI SIFUENTES,KRISTAL C. PRICE,AMBER RASMUSSEN,NEF PACHECO
VI423,KRISTAL C. PRICE,MARDI SIFUENTES,NEF PACHECO,AMBER RASMUSSEN
VI424,MARDI SIFUENTES,NEF PACHECO,uwi,AMBER RASMUSSEN
VI425,MARDI SIFUENTES,KRISTAL C. PRICE,AMBER RASMUSSEN,NEF PACHECO
VI426,MARDI SIFUENTES,KRISTAL C. PRICE,NEF PACHECO,AMBER RASMUSSEN
VI427,KRISTAL C. PRICE,skipped,skipped,skipped
VI428,KRISTAL C. PRICE,MARDI SIFUENTES,AMBER RASMUSSEN,NEF PACHECO
VI429,MARDI SIFUENTES,KRISTAL C. PRICE,NEF PACHECO,AMBER RASMUSSEN
VI430,uwi,MARDI SIFUENTES,skipped,skipped
VI431,MARDI SIFUENTES,KRISTAL C. PRICE,NEF PACHECO,AMBER RASMUSSEN
VI432,MARDI SIFUENTES,KRISTAL C. PRICE,NEF PACHECO,skipped
VI433,MARDI SIFUENTES,skipped,skipped,skipped
VI434,MARDI SIFUENTES,KRISTAL C. PRICE,NEF PACHECO,skipped
VI435,MARDI SIFUENTES,AMBER RASMUSSEN,NEF PACHECO,skipped
VI436,AMBER RASMUSSEN,MARDI SIFUENTES,uwi,NEF PACHECO
VI437,KRISTAL C. PRICE,MARDI SIFUENTES,AMBER RASMUSSEN,NEF PACHECO
VI438,AMBER RASMUSSEN,MARDI SIFUENTES,NEF PACHECO,skipped
VI439,MARDI SIFUENTES,KRISTAL C. PRICE,AMBER RASMUSSEN,NEF PACHECO
VI440,MARDI SIFUENTES,AMBER RASMUSSEN,NEF PACHECO,uwi
VI441,MARDI SIFUENTES,NEF PACHECO,skipped,skipped
VI442,MARDI SIFUENTES,AMBER RASMUSSEN,NEF PACHECO,skipped
VI443,MARDI SIFUENTES,AMBER RASMUSSEN,uwi,NEF PACHECO
VI444,MARDI SIFUENTES,KRISTAL C. PRICE,NEF PACHECO,AMBER RASMUSSEN
VI445,MARDI SIFUENTES,KRISTAL C. PRICE,skipped,skipped
VI446,MARDI SIFUENTES,KRISTAL C. PRICE,AMBER RASMUSSEN,NEF PACHECO
VI447,MARDI SIFUENTES,NEF PACHECO,KRISTAL C. PRICE,AMBER RASMUSSEN
VI448,MARDI SIFUENTES,NEF PACHECO,AMBER RASMUSSEN,skipped
VI449,AMBER RASMUSSEN,NEF PACHECO,MARDI SIFUENTES,uwi
VI450,MARDI SIFUENTES,KRISTAL C. PRICE,AMBER RASMUSSEN,NEF PACHECO
VI451,NEF PACHECO,MARDI SIFUENTES,AMBER RASMUSSEN,skipped
VI452,MARDI SIFUENTES,KRISTAL C. PRICE,AMBER RASMUSSEN,skipped
VI453,KRISTAL C. PRICE,AMBER RASMUSSEN,MARDI SIFUENTES,NEF PACHECO
VI454,MARDI SIFUENTES,KRISTAL C. PRICE,skipped,skipped
VI455,NEF PACHECO,MARDI SIFUENTES,AMBER RASMUSSEN,skipped
VI456,AMBER RASMUSSEN,MARDI SIFUENTES,NEF PACHECO,skipped
VI457,MARDI SIFUENTES,KRISTAL C. PRICE,skipped,skipped
VI458,AMBER RASMUSSEN,MARDI SIFUENTES,KRISTAL C. PRICE,NEF PACHECO
VI459,MARDI SIFUENTES,AMBER RASMUSSEN,KRISTAL C. PRICE,NEF PACHECO
VI460,MARDI SIFUENTES,AMBER RASMUSSEN,NEF PACHECO,KRISTAL C. PRICE
VI461,MARDI SIFUENTES,NEF PACHECO,AMBER RASMUSSEN,skipped
VI462,MARDI SIFUENTES,NEF PACHECO,AMBER RASMUSSEN,KRISTAL C. PRICE
VI463,KRISTAL C. PRICE,AMBER RASMUSSEN,MARDI SIFUENTES,NEF PACHECO
VI464,AMBER RASMUSSEN,MARDI SIFUENTES,NEF PACHECO,skipped
VI465,MARDI SIFUENTES,KRISTAL C. PRICE,AMBER RASMUSSEN,skipped
VI466,MARDI SIFUENTES,AMBER RASMUSSEN,KRISTAL C. PRICE,NEF PACHECO
VI467,AMBER RASMUSSEN,MARDI SIFUENTES,NEF PACHECO,skipped
VI468,AMBER RASMUSSEN,MARDI SIFUENTES,NEF PACHECO,skipped
VI469,NEF PACHECO,AMBER RASMUSSEN,MARDI SIFUENTES,skipped
VI470,MARDI SIFUENTES,AMBER RASMUSSEN,NEF PACHECO,skipped
VI471,MARDI SIFUENTES,KRISTAL C. PRICE,skipped,skipped
VI472,AMBER RASMUSSEN,MARDI SIFUENTES,NEF PACHECO,KRISTAL C. PRICE
VI473,MARDI SIFUENTES,KRISTAL C. PRICE,skipped,skipped
VI474,MARDI SIFUENTES,KRISTAL C. PRICE,skipped,skipped
VI475,KRISTAL C. PRICE,AMBER RASMUSSEN,NEF PACHECO,MARDI SIFUENTES
VI476,skipped,skipped,skipped,skipped
VI477,KRISTAL C. PRICE,AMBER RASMUSSEN,NEF PACHECO,skipped
VI478,MARDI SIFUENTES,KRISTAL C. PRICE,NEF PACHECO,AMBER RASMUSSEN
VI479,AMBER RASMUSSEN,NEF PACHECO,MARDI SIFUENTES,uwi
VI480,MARDI SIFUENTES,NEF PACHECO,KRISTAL C. PRICE,AMBER RASMUSSEN
VI481,AMBER RASMUSSEN,KRISTAL C. PRICE,NEF PACHECO,MARDI SIFUENTES
VI482,AMBER RASMUSSEN,NEF PACHECO,MARDI SIFUENTES,skipped
VI483,MARDI SIFUENTES,KRISTAL C. PRICE,NEF PACHECO,AMBER RASMUSSEN
VI484,MARDI SIFUENTES,NEF PACHECO,AMBER RASMUSSEN,skipped
VI485,KRISTAL C. PRICE,NEF PACHECO,AMBER RASMUSSEN,MARDI SIFUENTES
VI486,KRISTAL C. PRICE,MARDI SIFUENTES,NEF PACHECO,AMBER RASMUSSEN
VI487,MARDI SIFUENTES,AMBER RASMUSSEN,NEF PACHECO,KRISTAL C. PRICE
VI488,KRISTAL C. PRICE,MARDI SIFUENTES,NEF PACHECO,AMBER RASMUSSEN
VI489,NEF PACHECO,MARDI SIFUENTES,AMBER RASMUSSEN,skipped
VI490,AMBER RASMUSSEN,MARDI SIFUENTES,NEF PACHECO,skipped
VI491,AMBER RASMUSSEN,MARDI SIFUENTES,KRISTAL C. PRICE,NEF PACHECO
VI492,KRISTAL C. PRICE,MARDI SIFUENTES,NEF PACHECO,AMBER RASMUSSEN
VI493,AMBER RASMUSSEN,MARDI SIFUENTES,NEF PACHECO,uwi
VI494,KRISTAL C. PRICE,MARDI SIFUENTES,AMBER RASMUSSEN,NEF PACHECO
VI495,MARDI SIFUENTES,KRISTAL C. PRICE,AMBER RASMUSSEN,NEF PACHECO
VI496,MARDI SIFUENTES,AMBER RASMUSSEN,skipped,skipped
VI497,MARDI SIFUENTES,KRISTAL C. PRICE,AMBER RASMUSSEN,NEF PACHECO
VI498,MARDI SIFUENTES,AMBER RASMUSSEN,NEF PACHECO,skipped
VI499,MARDI SIFUENTES,skipped,skipped,skipped
VI500,MARDI SIFUENTES,skipped,skipped,skipped
VI501,uwi,MARDI SIFUENTES,AMBER RASMUSSEN,NEF PACHECO
VI502,MARDI SIFUENTES,AMBER RASMUSSEN,KRISTAL C. PRICE,NEF PACHECO
VI503,NEF PACHECO,AMBER RASMUSSEN,MARDI SIFUENTES,skipped
VI504,KRISTAL C. PRICE,MARDI SIFUENTES,AMBER RASMUSSEN,NEF PACHECO
VI505,MARDI SIFUENTES,NEF PACHECO,AMBER RASMUSSEN,uwi
VI506,MARDI SIFUENTES,AMBER RASMUSSEN,NEF PACHECO,skipped
VI507,MARDI SIFUENTES,AMBER RASMUSSEN,NEF PACHECO,uwi
VI508,AMBER RASMUSSEN,MARDI SIFUENTES,NEF PACHECO,uwi
VI509,AMBER RASMUSSEN,NEF PACHECO,MARDI SIFUENTES,skipped
VI510,AMBER RASMUSSEN,KRISTAL C. PRICE,MARDI SIFUENTES,NEF PACHECO
VI511,MARDI SIFUENTES,KRISTAL C. PRICE,NEF PACHECO,AMBER RASMUSSEN
VI512,KRISTAL C. PRICE,NEF PACHECO,MARDI SIFUENTES,skipped
VI513,NEF PACHECO,AMBER RASMUSSEN,MARDI SIFUENTES,skipped
VI514,AMBER RASMUSSEN,NEF PACHECO,MARDI SIFUENTES,skipped
VI515,AMBER RASMUSSEN,KRISTAL C. PRICE,NEF PACHECO,skipped
VI516,MARDI SIFUENTES,NEF PACHECO,AMBER RASMUSSEN,KRISTAL C. PRICE
VI517,AMBER RASMUSSEN,KRISTAL C. PRICE,NEF PACHECO,skipped
VI518,MARDI SIFUENTES,AMBER RASMUSSEN,NEF PACHECO,uwi
VI519,MARDI SIFUENTES,AMBER RASMUSSEN,KRISTAL C. PRICE,NEF PACHECO
VI520,NEF PACHECO,AMBER RASMUSSEN,MARDI SIFUENTES,skipped
VI521,MARDI SIFUENTES,KRISTAL C. PRICE,skipped,skipped
VI522,AMBER RASMUSSEN,MARDI SIFUENTES,skipped,skipped
VI523,AMBER RASMUSSEN,MARDI SIFUENTES,skipped,skipped
VI524,MARDI SIFUENTES,NEF PACHECO,KRISTAL C. PRICE,AMBER RASMUSSEN
VI525,AMBER RASMUSSEN,NEF PACHECO,MARDI SIFUENTES,skipped
VI526,AMBER RASMUSSEN,MARDI SIFUENTES,NEF PACHECO,skipped
VI527,AMBER RASMUSSEN,MARDI SIFUENTES,NEF PACHECO,uwi
VI528,NEF PACHECO,MARDI SIFUENTES,AMBER RASMUSSEN,KRISTAL C. PRICE
VI529,MARDI SIFUENTES,AMBER RASMUSSEN,skipped,NEF PACHECO
VI530,MARDI SIFUENTES,AMBER RASMUSSEN,NEF PACHECO,skipped
VI531,AMBER RASMUSSEN,NEF PACHECO,MARDI SIFUENTES,skipped
VI532,MARDI SIFUENTES,KRISTAL C. PRICE,AMBER RASMUSSEN,NEF PACHECO
VI533,MARDI SIFUENTES,KRISTAL C. PRICE,AMBER RASMUSSEN,NEF PACHECO
VI534,MARDI SIFUENTES,NEF PACHECO,KRISTAL C. PRICE,AMBER RASMUSSEN
VI535,NEF PACHECO,MARDI SIFUENTES,AMBER RASMUSSEN,uwi
VI536,KRISTAL C. PRICE,MARDI SIFUENTES,NEF PACHECO,AMBER RASMUSSEN
VI537,MARDI SIFUENTES,NEF PACHECO,KRISTAL C. PRICE,AMBER RASMUSSEN
VI538,KRISTAL C. PRICE,MARDI SIFUENTES,AMBER RASMUSSEN,NEF PACHECO
VI539,NEF PACHECO,MARDI SIFUENTES,AMBER RASMUSSEN,skipped
VI540,MARDI SIFUENTES,AMBER RASMUSSEN,skipped,NEF PACHECO
VI541,MARDI SIFUENTES,NEF PACHECO,AMBER RASMUSSEN,uwi
VI542,KRISTAL C. PRICE,MARDI SIFUENTES,AMBER RASMUSSEN,NEF PACHECO
VI543,AMBER RASMUSSEN,MARDI SIFUENTES,NEF PACHECO,skipped
VI544,MARDI SIFUENTES,NEF PACHECO,AMBER RASMUSSEN,skipped
VI545,MARDI SIFUENTES,AMBER RASMUSSEN,NEF PACHECO,skipped
VI546,KRISTAL C. PRICE,MARDI SIFUENTES,NEF PACHECO,AMBER RASMUSSEN
VI547,MARDI SIFUENTES,KRISTAL C. PRICE,AMBER RASMUSSEN,NEF PACHECO
VI548,AMBER RASMUSSEN,MARDI SIFUENTES,NEF PACHECO,uwi
VI549,KRISTAL C. PRICE,MARDI SIFUENTES,NEF PACHECO,AMBER RASMUSSEN
VI550,MARDI SIFUENTES,skipped,skipped,skipped
VI551,MARDI SIFUENTES,NEF PACHECO,AMBER RASMUSSEN,skipped
VI552,MARDI SIFUENTES,skipped,skipped,skipped
VI553,NEF PACHECO,KRISTAL C. PRICE,MARDI SIFUENTES,AMBER RASMUSSEN
VI554,MARDI SIFUENTES,NEF PACHECO,uwi,AMBER RASMUSSEN
VI555,MARDI SIFUENTES,AMBER RASMUSSEN,KRISTAL C. PRICE,NEF PACHECO
VI556,KRISTAL C. PRICE,MARDI SIFUENTES,AMBER RASMUSSEN,NEF PACHECO
VI557,MARDI SIFUENTES,AMBER RASMUSSEN,NEF PACHECO,skipped
VI558,KRISTAL C. PRICE,AMBER RASMUSSEN,MARDI SIFUENTES,NEF PACHECO
VI559,KRISTAL C. PRICE,MARDI SIFUENTES,skipped,skipped
VI560,KRISTAL C. PRICE,NEF PACHECO,MARDI SIFUENTES,AMBER RASMUSSEN
VI561,KRISTAL C. PRICE,MARDI SIFUENTES,NEF PACHECO,AMBER RASMUSSEN
VI562,KRISTAL C. PRICE,MARDI SIFUENTES,NEF PACHECO,AMBER RASMUSSEN
VI563,KRISTAL C. PRICE,MARDI SIFUENTES,NEF PACHECO,AMBER RASMUSSEN
VI564,AMBER RASMUSSEN,MARDI SIFUENTES,NEF PACHECO,uwi
VI565,KRISTAL C. PRICE,MARDI SIFUENTES,NEF PACHECO,AMBER RASMUSSEN
VI566,MARDI SIFUENTES,skipped,skipped,skipped
VI567,MARDI SIFUENTES,KRISTAL C. PRICE,AMBER RASMUSSEN,NEF PACHECO
VI568,MARDI SIFUENTES,KRISTAL C. PRICE,NEF PACHECO,AMBER RASMUSSEN
VI569,MARDI SIFUENTES,NEF PACHECO,AMBER RASMUSSEN,skipped
VI570,AMBER RASMUSSEN,MARDI SIFUENTES,NEF PACHECO,skipped
VI571,MARDI SIFUENTES,KRISTAL C. PRICE,AMBER RASMUSSEN,NEF PACHECO
VI572,MARDI SIFUENTES,KRISTAL C. PRICE,NEF PACHECO,AMBER RASMUSSEN
VI573,AMBER RASMUSSEN,KRISTAL C. PRICE,skipped,skipped
VI574,KRISTAL C. PRICE,MARDI SIFUENTES,NEF PACHECO,AMBER RASMUSSEN
VI575,NEF PACHECO,AMBER RASMUSSEN,MARDI SIFUENTES,skipped
VI576,KRISTAL C. PRICE,MARDI SIFUENTES,AMBER RASMUSSEN,NEF PACHECO
VI577,AMBER RASMUSSEN,NEF PACHECO,MARDI SIFUENTES,uwi
VI578,MARDI SIFUENTES,KRISTAL C. PRICE,NEF PACHECO,skipped
VI579,AMBER RASMUSSEN,MARDI SIFUENTES,NEF PACHECO,skipped
VI580,MARDI SIFUENTES,AMBER RASMUSSEN,NEF PACHECO,skipped
VI581,AMBER RASMUSSEN,MARDI SIFUENTES,skipped,skipped
VI582,MARDI SIFUENTES,KRISTAL C. PRICE,skipped,skipped
VI583,MARDI SIFUENTES,KRISTAL C. PRICE,AMBER RASMUSSEN,NEF PACHECO
VI584,MARDI SIFUENTES,AMBER RASMUSSEN,NEF PACHECO,skipped
VI585,MARDI SIFUENTES,KRISTAL C. PRICE,AMBER RASMUSSEN,NEF PACHECO
VI586,MARDI SIFUENTES,NEF PACHECO,AMBER RASMUSSEN,skipped
VI587,MARDI SIFUENTES,AMBER RASMUSSEN,NEF PACHECO,skipped
VI588,MARDI SIFUENTES,uwi,NEF PACHECO,AMBER RASMUSSEN
VI589,MARDI SIFUENTES,AMBER RASMUSSEN,KRISTAL C. PRICE,NEF PACHECO
VI590,MARDI SIFUENTES,AMBER RASMUSSEN,NEF PACHECO,uwi
VI591,MARDI SIFUENTES,AMBER RASMUSSEN,NEF PACHECO,KRISTAL C. PRICE
VI592,MARDI SIFUENTES,NEF PACHECO,AMBER RASMUSSEN,uwi
VI593,KRISTAL C. PRICE,MARDI SIFUENTES,AMBER RASMUSSEN,NEF PACHECO
VI594,NEF PACHECO,MARDI SIFUENTES,AMBER RASMUSSEN,skipped
VI595,MARDI SIFUENTES,KRISTAL C. PRICE,skipped,skipped
VI596,MARDI SIFUENTES,KRISTAL C. PRICE,NEF PACHECO,AMBER RASMUSSEN
VI597,MARDI SIFUENTES,KRISTAL C. PRICE,AMBER RASMUSSEN,NEF PACHECO
VI598,MARDI SIFUENTES,AMBER RASMUSSEN,NEF PACHECO,skipped
VI599,KRISTAL C. PRICE,MARDI SIFUENTES,AMBER RASMUSSEN,NEF PACHECO
VI600,MARDI SIFUENTES,KRISTAL C. PRICE,NEF PACHECO,AMBER RASMUSSEN
VI601,KRISTAL C. PRICE,MARDI SIFUENTES,skipped,skipped
VI602,MARDI SIFUENTES,NEF PACHECO,AMBER RASMUSSEN,skipped
VI603,NEF PACHECO,AMBER RASMUSSEN,MARDI SIFUENTES,KRISTAL C. PRICE
VI604,MARDI SIFUENTES,AMBER RASMUSSEN,NEF PACHECO,skipped
VI605,KRISTAL C. PRICE,MARDI SIFUENTES,NEF PACHECO,AMBER RASMUSSEN
VI606,AMBER RASMUSSEN,MARDI SIFUENTES,NEF PACHECO,skipped
VI607,MARDI SIFUENTES,NEF PACHECO,KRISTAL C. PRICE,AMBER RASMUSSEN
VI608,KRISTAL C. PRICE,NEF PACHECO,MARDI SIFUENTES,AMBER RASMUSSEN
VI609,MARDI SIFUENTES,AMBER RASMUSSEN,NEF PACHECO,skipped
VI610,uwi,AMBER RASMUSSEN,skipped,skipped
VI611,KRISTAL C. PRICE,MARDI SIFUENTES,skipped,skipped
VI612,MARDI SIFUENTES,KRISTAL C. PRICE,NEF PACHECO,AMBER RASMUSSEN
VI613,KRISTAL C. PRICE,MARDI SIFUENTES,AMBER RASMUSSEN,NEF PACHECO
VI614,uwi,AMBER RASMUSSEN,MARDI SIFUENTES,NEF PACHECO
VI615,MARDI SIFUENTES,AMBER RASMUSSEN,NEF PACHECO,skipped
VI616,MARDI SIFUENTES,skipped,skipped,skipped
VI617,AMBER RASMUSSEN,MARDI SIFUENTES,NEF PACHECO,skipped
VI618,AMBER RASMUSSEN,NEF PACHECO,MARDI SIFUENTES,skipped
VI619,AMBER RASMUSSEN,MARDI SIFUENTES,NEF PACHECO,KRISTAL C. PRICE
VI620,MARDI SIFUENTES,AMBER RASMUSSEN,KRISTAL C. PRICE,NEF PACHECO
VI621,MARDI SIFUENTES,KRISTAL C. PRICE,AMBER RASMUSSEN,NEF PACHECO
VI622,MARDI SIFUENTES,skipped,skipped,skipped
VI623,MARDI SIFUENTES,KRISTAL C. PRICE,AMBER RASMUSSEN,NEF PACHECO
VI624,MARDI SIFUENTES,KRISTAL C. PRICE,AMBER RASMUSSEN,NEF PACHECO
VI625,MARDI SIFUENTES,KRISTAL C. PRICE,AMBER RASMUSSEN,NEF PACHECO
VI626,MARDI SIFUENTES,KRISTAL C. PRICE,AMBER RASMUSSEN,NEF PACHECO
VI627,MARDI SIFUENTES,KRISTAL C. PRICE,skipped,skipped
VI628,KRISTAL C. PRICE,MARDI SIFUENTES,AMBER RASMUSSEN,NEF PACHECO
VI629,AMBER RASMUSSEN,NEF PACHECO,MARDI SIFUENTES,skipped
VI630,AMBER RASMUSSEN,MARDI SIFUENTES,NEF PACHECO,skipped
VI631,MARDI SIFUENTES,NEF PACHECO,AMBER RASMUSSEN,KRISTAL C. PRICE
VI632,NEF PACHECO,MARDI SIFUENTES,AMBER RASMUSSEN,KRISTAL C. PRICE
VI633,KRISTAL C. PRICE,NEF PACHECO,MARDI SIFUENTES,AMBER RASMUSSEN
VI634,MARDI SIFUENTES,AMBER RASMUSSEN,NEF PACHECO,skipped
VI635,MARDI SIFUENTES,NEF PACHECO,AMBER RASMUSSEN,skipped
VI636,KRISTAL C. PRICE,skipped,skipped,skipped
VI637,AMBER RASMUSSEN,MARDI SIFUENTES,NEF PACHECO,skipped
VI638,KRISTAL C. PRICE,MARDI SIFUENTES,skipped,skipped
VI639,MARDI SIFUENTES,AMBER RASMUSSEN,NEF PACHECO,skipped
VI640,KRISTAL C. PRICE,MARDI SIFUENTES,NEF PACHECO,AMBER RASMUSSEN
VI641,AMBER RASMUSSEN,MARDI SIFUENTES,NEF PACHECO,skipped
VI642,MARDI SIFUENTES,NEF PACHECO,AMBER RASMUSSEN,skipped
VI643,AMBER RASMUSSEN,MARDI SIFUENTES,skipped,skipped
VI644,MARDI SIFUENTES,AMBER RASMUSSEN,NEF PACHECO,skipped
VI645,MARDI SIFUENTES,KRISTAL C. PRICE,AMBER RASMUSSEN,NEF PACHECO
VI646,KRISTAL C. PRICE,MARDI SIFUENTES,AMBER RASMUSSEN,NEF PACHECO
VI647,MARDI SIFUENTES,AMBER RASMUSSEN,skipped,skipped
VI648,NEF PACHECO,MARDI SIFUENTES,skipped,skipped
VI649,MARDI SIFUENTES,NEF PACHECO,skipped,skipped
VI650,AMBER RASMUSSEN,NEF PACHECO,skipped,skipped
VI651,KRISTAL C. PRICE,MARDI SIFUENTES,skipped,skipped
VI652,KRISTAL C. PRICE,MARDI SIFUENTES,AMBER RASMUSSEN,NEF PACHECO
VI653,MARDI SIFUENTES,KRISTAL C. PRICE,skipped,skipped
VI654,MARDI SIFUENTES,MARDI SIFUENTES,MARDI SIFUENTES,MARDI SIFUENTES
VI655,KRISTAL C. PRICE,MARDI SIFUENTES,AMBER RASMUSSEN,NEF PACHECO
VI656,KRISTAL C. PRICE,MARDI SIFUENTES,AMBER RASMUSSEN,NEF PACHECO
VI657,MARDI SIFUENTES,MARDI SIFUENTES,MARDI SIFUENTES,MARDI SIFUENTES
VI658,KRISTAL C. PRICE,MARDI SIFUENTES,AMBER RASMUSSEN,NEF PACHECO
VI659,MARDI SIFUENTES,KRISTAL C. PRICE,skipped,skipped
VI660,NEF PACHECO,MARDI SIFUENTES,KRISTAL C. PRICE,AMBER RASMUSSEN
VI661,NEF PACHECO,skipped,skipped,skipped
VI662,MARDI SIFUENTES,KRISTAL C. PRICE,NEF PACHECO,AMBER RASMUSSEN
VI663,AMBER RASMUSSEN,MARDI SIFUENTES,NEF PACHECO,skipped
VI664,AMBER RASMUSSEN,MARDI SIFUENTES,NEF PACHECO,uwi
VI665,MARDI SIFUENTES,NEF PACHECO,AMBER RASMUSSEN,KRISTAL C. PRICE
VI666,AMBER RASMUSSEN,NEF PACHECO,MARDI SIFUENTES,skipped
VI667,MARDI SIFUENTES,KRISTAL C. PRICE,NEF PACHECO,AMBER RASMUSSEN
VI668,KRISTAL C. PRICE,NEF PACHECO,AMBER RASMUSSEN,MARDI SIFUENTES
VI669,AMBER RASMUSSEN,MARDI SIFUENTES,NEF PACHECO,skipped
VI670,NEF PACHECO,AMBER RASMUSSEN,uwi,MARDI SIFUENTES
VI671,NEF PACHECO,MARDI SIFUENTES,KRISTAL C. PRICE,AMBER RASMUSSEN
VI672,MARDI SIFUENTES,KRISTAL C. PRICE,NEF PACHECO,AMBER RASMUSSEN
VI673,MARDI SIFUENTES,KRISTAL C. PRICE,AMBER RASMUSSEN,NEF PACHECO
VI674,KRISTAL C. PRICE,MARDI SIFUENTES,AMBER RASMUSSEN,NEF PACHECO
VI675,MARDI SIFUENTES,KRISTAL C. PRICE,NEF PACHECO,AMBER RASMUSSEN
VI676,MARDI SIFUENTES,AMBER RASMUSSEN,KRISTAL C. PRICE,NEF PACHECO
VI677,MARDI SIFUENTES,KRISTAL C. PRICE,NEF PACHECO,AMBER RASMUSSEN
VI678,AMBER RASMUSSEN,NEF PACHECO,MARDI SIFUENTES,KRISTAL C. PRICE
VI679,MARDI SIFUENTES,NEF PACHECO,AMBER RASMUSSEN,uwi
VI680,AMBER RASMUSSEN,MARDI SIFUENTES,skipped,skipped
VI681,AMBER RASMUSSEN,NEF PACHECO,MARDI SIFUENTES,skipped
VI682,KRISTAL C. PRICE,NEF PACHECO,MARDI SIFUENTES,skipped
VI683,AMBER RASMUSSEN,NEF PACHECO,MARDI SIFUENTES,skipped
VI684,MARDI SIFUENTES,skipped,skipped,skipped
VI685,AMBER RASMUSSEN,NEF PACHECO,MARDI SIFUENTES,uwi
VI686,AMBER RASMUSSEN,MARDI SIFUENTES,KRISTAL C. PRICE,NEF PACHECO
VI687,MARDI SIFUENTES,NEF PACHECO,skipped,skipped
VI688,KRISTAL C. PRICE,MARDI SIFUENTES,AMBER RASMUSSEN,NEF PACHECO
VI689,MARDI SIFUENTES,AMBER RASMUSSEN,NEF PACHECO,KRISTAL C. PRICE
VI690,NEF PACHECO,MARDI SIFUENTES,AMBER RASMUSSEN,skipped
VI691,KRISTAL C. PRICE,MARDI SIFUENTES,AMBER RASMUSSEN,NEF PACHECO
VI692,AMBER RASMUSSEN,MARDI SIFUENTES,KRISTAL C. PRICE,NEF PACHECO
VI693,AMBER RASMUSSEN,MARDI SIFUENTES,NEF PACHECO,skipped
VI694,KRISTAL C. PRICE,MARDI SIFUENTES,skipped,skipped
VI695,KRISTAL C. PRICE,MARDI SIFUENTES,skipped,skipped
VI696,KRISTAL C. PRICE,MARDI SIFUENTES,skipped,skipped
VI697,AMBER RASMUSSEN,MARDI SIFUENTES,NEF PACHECO,skipped
VI698,MARDI SIFUENTES,NEF PACHECO,AMBER RASMUSSEN,skipped
VI699,KRISTAL C. PRICE,MARDI SIFUENTES,NEF PACHECO,skipped
VI700,MARDI SIFUENTES,KRISTAL C. PRICE,AMBER RASMUSSEN,NEF PACHECO
VI701,NEF PACHECO,AMBER RASMUSSEN,MARDI SIFUENTES,skipped
VI702,MARDI SIFUENTES,KRISTAL C. PRICE,skipped,skipped
VI703,KRISTAL C. PRICE,MARDI SIFUENTES,skipped,skipped
VI704,AMBER RASMUSSEN,MARDI SIFUENTES,uwi,NEF PACHECO
VI705,AMBER RASMUSSEN,MARDI SIFUENTES,KRISTAL C. PRICE,skipped
VI706,MARDI SIFUENTES,AMBER RASMUSSEN,skipped,skipped
VI707,MARDI SIFUENTES,AMBER RASMUSSEN,skipped,skipped
VI708,MARDI SIFUENTES,AMBER RASMUSSEN,NEF PACHECO,skipped
VI709,MARDI SIFUENTES,NEF PACHECO,uwi,AMBER RASMUSSEN
VI710,MARDI SIFUENTES,skipped,skipped,skipped
VI711,MARDI SIFUENTES,AMBER RASMUSSEN,NEF PACHECO,skipped
VI712,MARDI SIFUENTES,NEF PACHECO,AMBER RASMUSSEN,skipped
VI713,MARDI SIFUENTES,AMBER RASMUSSEN,NEF PACHECO,skipped
VI714,MARDI SIFUENTES,NEF PACHECO,AMBER RASMUSSEN,skipped
VI715,KRISTAL C. PRICE,MARDI SIFUENTES,skipped,skipped
VI716,MARDI SIFUENTES,AMBER RASMUSSEN,NEF PACHECO,skipped
VI717,MARDI SIFUENTES,KRISTAL C. PRICE,NEF PACHECO,AMBER RASMUSSEN
VI718,MARDI SIFUENTES,KRISTAL C. PRICE,MARDI SIFUENTES,skipped
VI719,MARDI SIFUENTES,KRISTAL C. PRICE,skipped,skipped
VI720,KRISTAL C. PRICE,MARDI SIFUENTES,AMBER RASMUSSEN,NEF PACHECO
VI721,MARDI SIFUENTES,KRISTAL C. PRICE,skipped,skipped
VI722,MARDI SIFUENTES,NEF PACHECO,AMBER RASMUSSEN,skipped
VI723,MARDI SIFUENTES,KRISTAL C. PRICE,skipped,skipped
VI724,AMBER RASMUSSEN,MARDI SIFUENTES,KRISTAL C. PRICE,NEF PACHECO
VI725,MARDI SIFUENTES,KRISTAL C. PRICE,MARDI SIFUENTES,skipped
VI726,AMBER RASMUSSEN,MARDI SIFUENTES,KRISTAL C. PRICE,skipped
VI727,MARDI SIFUENTES,KRISTAL C. PRICE,AMBER RASMUSSEN,NEF PACHECO
VI728,MARDI SIFUENTES,skipped,skipped,skipped
VI729,KRISTAL C. PRICE,MARDI SIFUENTES,skipped,skipped
VI730,KRISTAL C. PRICE,MARDI SIFUENTES,skipped,skipped
VI731,MARDI SIFUENTES,AMBER RASMUSSEN,NEF PACHECO,skipped
VI732,KRISTAL C. PRICE,NEF PACHECO,MARDI SIFUENTES,skipped
VI733,NEF PACHECO,MARDI SIFUENTES,AMBER RASMUSSEN,skipped
VI734,NEF PACHECO,KRISTAL C. PRICE,MARDI SIFUENTES,AMBER RASMUSSEN
VI735,AMBER RASMUSSEN,MARDI SIFUENTES,NEF PACHECO,skipped
VI736,MARDI SIFUENTES,NEF PACHECO,AMBER RASMUSSEN,skipped
VI737,uwi,NEF PACHECO,MARDI SIFUENTES,AMBER RASMUSSEN
VI738,AMBER RASMUSSEN,MARDI SIFUENTES,NEF PACHECO,skipped
VI739,AMBER RASMUSSEN,NEF PACHECO,MARDI SIFUENTES,skipped
VI740,uwi,skipped,skipped,skipped
VI741,MARDI SIFUENTES,NEF PACHECO,AMBER RASMUSSEN,skipped
VI742,MARDI SIFUENTES,NEF PACHECO,KRISTAL C. PRICE,skipped
VI743,MARDI SIFUENTES,KRISTAL C. PRICE,NEF PACHECO,AMBER RASMUSSEN
VI744,KRISTAL C. PRICE,MARDI SIFUENTES,AMBER RASMUSSEN,NEF PACHECO
VI745,MARDI SIFUENTES,KRISTAL C. PRICE,MARDI SIFUENTES,skipped
VI746,KRISTAL C. PRICE,MARDI SIFUENTES,AMBER RASMUSSEN,NEF PACHECO
VI747,KRISTAL C. PRICE,MARDI SIFUENTES,NEF PACHECO,AMBER RASMUSSEN
VI748,AMBER RASMUSSEN,MARDI SIFUENTES,skipped,skipped
VI749,KRISTAL C. PRICE,MARDI SIFUENTES,NEF PACHECO,AMBER RASMUSSEN
VI750,MARDI SIFUENTES,AMBER RASMUSSEN,NEF PACHECO,skipped
VI751,uwi,MARDI SIFUENTES,NEF PACHECO,AMBER RASMUSSEN
VI752,MARDI SIFUENTES,AMBER RASMUSSEN,NEF PACHECO,skipped
VI753,KRISTAL C. PRICE,MARDI SIFUENTES,AMBER RASMUSSEN,NEF PACHECO
VI754,KRISTAL C. PRICE,MARDI SIFUENTES,NEF PACHECO,AMBER RASMUSSEN
VI755,KRISTAL C. PRICE,MARDI SIFUENTES,NEF PACHECO,AMBER RASMUSSEN
VI756,KRISTAL C. PRICE,AMBER RASMUSSEN,NEF PACHECO,MARDI SIFUENTES
VI757,MARDI SIFUENTES,AMBER RASMUSSEN,KRISTAL C. PRICE,NEF PACHECO
VI758,AMBER RASMUSSEN,MARDI SIFUENTES,NEF PACHECO,skipped
VI759,MARDI SIFUENTES,AMBER RASMUSSEN,KRISTAL C. PRICE,NEF PACHECO
VI760,AMBER RASMUSSEN,KRISTAL C. PRICE,MARDI SIFUENTES,NEF PACHECO
VI761,MARDI SIFUENTES,AMBER RASMUSSEN,NEF PACHECO,skipped
VI762,KRISTAL C. PRICE,AMBER RASMUSSEN,NEF PACHECO,MARDI SIFUENTES
VI763,AMBER RASMUSSEN,NEF PACHECO,MARDI SIFUENTES,skipped
VI764,KRISTAL C. PRICE,MARDI SIFUENTES,AMBER RASMUSSEN,NEF PACHECO
VI765,MARDI SIFUENTES,NEF PACHECO,AMBER RASMUSSEN,uwi
VI766,MARDI SIFUENTES,uwi,AMBER RASMUSSEN,NEF PACHECO
VI767,MARDI SIFUENTES,NEF PACHECO,AMBER RASMUSSEN,skipped
VI768,KRISTAL C. PRICE,NEF PACHECO,MARDI SIFUENTES,AMBER RASMUSSEN
VI769,MARDI SIFUENTES,KRISTAL C. PRICE,NEF PACHECO,AMBER RASMUSSEN
VI770,MARDI SIFUENTES,AMBER RASMUSSEN,NEF PACHECO,skipped
VI771,MARDI SIFUENTES,NEF PACHECO,AMBER RASMUSSEN,skipped
VI772,MARDI SIFUENTES,NEF PACHECO,skipped,skipped
VI773,KRISTAL C. PRICE,MARDI SIFUENTES,NEF PACHECO,AMBER RASMUSSEN
VI774,MARDI SIFUENTES,NEF PACHECO,KRISTAL C. PRICE,AMBER RASMUSSEN
VI775,KRISTAL C. PRICE,MARDI SIFUENTES,NEF PACHECO,AMBER RASMUSSEN
VI776,KRISTAL C. PRICE,MARDI SIFUENTES,AMBER RASMUSSEN,NEF PACHECO
VI777,MARDI SIFUENTES,KRISTAL C. PRICE,AMBER RASMUSSEN,NEF PACHECO
VI778,NEF PACHECO,AMBER RASMUSSEN,MARDI SIFUENTES,skipped
VI779,MARDI SIFUENTES,AMBER RASMUSSEN,NEF PACHECO,skipped
VI780,MARDI SIFUENTES,NEF PACHECO,AMBER RASMUSSEN,uwi
VI781,AMBER RASMUSSEN,MARDI SIFUENTES,NEF PACHECO,skipped
VI782,MARDI SIFUENTES,KRISTAL C. PRICE,AMBER RASMUSSEN,NEF PACHECO
VI783,AMBER RASMUSSEN,KRISTAL C. PRICE,MARDI SIFUENTES,NEF PACHECO
VI784,KRISTAL C. PRICE,MARDI SIFUENTES,NEF PACHECO,AMBER RASMUSSEN
VI785,MARDI SIFUENTES,NEF PACHECO,KRISTAL C. PRICE,AMBER RASMUSSEN
VI786,MARDI SIFUENTES,NEF PACHECO,KRISTAL C. PRICE,AMBER RASMUSSEN
VI787,MARDI SIFUENTES,KRISTAL C. PRICE,NEF PACHECO,AMBER RASMUSSEN
VI788,AMBER RASMUSSEN,MARDI SIFUENTES,NEF PACHECO,KRISTAL C. PRICE
VI789,MARDI SIFUENTES,AMBER RASMUSSEN,KRISTAL C. PRICE,NEF PACHECO
VI790,MARDI SIFUENTES,KRISTAL C. PRICE,AMBER RASMUSSEN,NEF PACHECO
VI791,uwi,MARDI SIFUENTES,AMBER RASMUSSEN,NEF PACHECO
VI792,AMBER RASMUSSEN,MARDI SIFUENTES,NEF PACHECO,skipped
VI793,AMBER RASMUSSEN,MARDI SIFUENTES,NEF PACHECO,uwi
VI794,KRISTAL C. PRICE,MARDI SIFUENTES,NEF PACHECO,AMBER RASMUSSEN
VI795,KRISTAL C. PRICE,AMBER RASMUSSEN,MARDI SIFUENTES,NEF PACHECO
VI796,MARDI SIFUENTES,KRISTAL C. PRICE,NEF PACHECO,AMBER RASMUSSEN
VI797,KRISTAL C. PRICE,skipped,skipped,skipped
VI798,MARDI SIFUENTES,KRISTAL C. PRICE,skipped,skipped
VI799,AMBER RASMUSSEN,NEF PACHECO,MARDI SIFUENTES,skipped
VI800,KRISTAL C. PRICE,MARDI SIFUENTES,KRISTAL C. PRICE,MARDI SIFUENTES
VI801,AMBER RASMUSSEN,NEF PACHECO,skipped,MARDI SIFUENTES
VI802,KRISTAL C. PRICE,MARDI SIFUENTES,KRISTAL C. PRICE,MARDI SIFUENTES
VI803,MARDI SIFUENTES,KRISTAL C. PRICE,AMBER RASMUSSEN,NEF PACHECO
VI804,MARDI SIFUENTES,NEF PACHECO,AMBER RASMUSSEN,skipped
VI805,KRISTAL C. PRICE,AMBER RASMUSSEN,NEF PACHECO,MARDI SIFUENTES
VI806,MARDI SIFUENTES,NEF PACHECO,AMBER RASMUSSEN,skipped
VI807,KRISTAL C. PRICE,MARDI SIFUENTES,NEF PACHECO,AMBER RASMUSSEN
VI808,MARDI SIFUENTES,AMBER RASMUSSEN,NEF PACHECO,uwi
VI809,MARDI SIFUENTES,AMBER RASMUSSEN,NEF PACHECO,KRISTAL C. PRICE
VI810,KRISTAL C. PRICE,AMBER RASMUSSEN,MARDI SIFUENTES,NEF PACHECO
VI811,MARDI SIFUENTES,AMBER RASMUSSEN,KRISTAL C. PRICE,NEF PACHECO
VI812,KRISTAL C. PRICE,MARDI SIFUENTES,AMBER RASMUSSEN,NEF PACHECO
VI813,MARDI SIFUENTES,AMBER RASMUSSEN,KRISTAL C. PRICE,NEF PACHECO
VI814,AMBER RASMUSSEN,NEF PACHECO,MARDI SIFUENTES,skipped
VI815,AMBER RASMUSSEN,MARDI SIFUENTES,NEF PACHECO,skipped
VI816,KRISTAL C. PRICE,MARDI SIFUENTES,NEF PACHECO,AMBER RASMUSSEN
VI817,AMBER RASMUSSEN,NEF PACHECO,MARDI SIFUENTES,skipped
VI818,MARDI SIFUENTES,KRISTAL C. PRICE,AMBER RASMUSSEN,NEF PACHECO
VI819,MARDI SIFUENTES,skipped,skipped,skipped
VI820,MARDI SIFUENTES,AMBER RASMUSSEN,KRISTAL C. PRICE,NEF PACHECO
VI821,MARDI SIFUENTES,KRISTAL C. PRICE,skipped,skipped
VI822,KRISTAL C. PRICE,AMBER RASMUSSEN,MARDI SIFUENTES,NEF PACHECO
VI823,MARDI SIFUENTES,NEF PACHECO,KRISTAL C. PRICE,AMBER RASMUSSEN
VI824,MARDI SIFUENTES,AMBER RASMUSSEN,NEF PACHECO,skipped
VI825,MARDI SIFUENTES,KRISTAL C. PRICE,AMBER RASMUSSEN,NEF PACHECO
VI826,MARDI SIFUENTES,KRISTAL C. PRICE,AMBER RASMUSSEN,skipped
VI827,MARDI SIFUENTES,AMBER RASMUSSEN,KRISTAL C. PRICE,NEF PACHECO
VI828,MARDI SIFUENTES,KRISTAL C. PRICE,AMBER RASMUSSEN,skipped
VI829,NEF PACHECO,KRISTAL C. PRICE,MARDI SIFUENTES,AMBER RASMUSSEN
VI830,AMBER RASMUSSEN,MARDI SIFUENTES,NEF PACHECO,skipped
VI831,MARDI SIFUENTES,KRISTAL C. PRICE,AMBER RASMUSSEN,NEF PACHECO
VI832,MARDI SIFUENTES,AMBER RASMUSSEN,KRISTAL C. PRICE,NEF PACHECO
VI833,AMBER RASMUSSEN,MARDI SIFUENTES,NEF PACHECO,skipped
VI834,MARDI SIFUENTES,KRISTAL C. PRICE,NEF PACHECO,AMBER RASMUSSEN
VI835,MARDI SIFUENTES,AMBER RASMUSSEN,NEF PACHECO,skipped
VI836,MARDI SIFUENTES,KRISTAL C. PRICE,skipped,skipped
VI837,MARDI SIFUENTES,KRISTAL C. PRICE,skipped,skipped
VI838,MARDI SIFUENTES,KRISTAL C. PRICE,AMBER RASMUSSEN,skipped
VI839,AMBER RASMUSSEN,NEF PACHECO,skipped,skipped
VI840,MARDI SIFUENTES,KRISTAL C. PRICE,NEF PACHECO,AMBER RASMUSSEN
VI841,MARDI SIFUENTES,AMBER RASMUSSEN,NEF PACHECO,skipped
VI842,MARDI SIFUENTES,AMBER RASMUSSEN,NEF PACHECO,skipped
VI843,AMBER RASMUSSEN,MARDI SIFUENTES,uwi,NEF PACHECO
VI844,NEF PACHECO,KRISTAL C. PRICE,MARDI SIFUENTES,AMBER RASMUSSEN
VI845,NEF PACHECO,MARDI SIFUENTES,AMBER RASMUSSEN,skipped
VI846,AMBER RASMUSSEN,MARDI SIFUENTES,skipped,skipped
VI847,NEF PACHECO,MARDI SIFUENTES,AMBER RASMUSSEN,skipped
VI848,MARDI SIFUENTES,AMBER RASMUSSEN,NEF PACHECO,skipped
VI849,MARDI SIFUENTES,NEF PACHECO,AMBER RASMUSSEN,uwi
VI850,MARDI SIFUENTES,AMBER RASMUSSEN,NEF PACHECO,skipped
VI851,MARDI SIFUENTES,KRISTAL C. PRICE,NEF PACHECO,AMBER RASMUSSEN
VI852,MARDI SIFUENTES,AMBER RASMUSSEN,skipped,skipped
VI853,AMBER RASMUSSEN,MARDI SIFUENTES,skipped,skipped
VI854,KRISTAL C. PRICE,MARDI SIFUENTES,AMBER RASMUSSEN,NEF PACHECO
VI855,AMBER RASMUSSEN,MARDI SIFUENTES,skipped,skipped
VI856,MARDI SIFUENTES,KRISTAL C. PRICE,NEF PACHECO,AMBER RASMUSSEN
VI857,KRISTAL C. PRICE,MARDI SIFUENTES,AMBER RASMUSSEN,skipped
VI858,NEF PACHECO,AMBER RASMUSSEN,MARDI SIFUENTES,uwi
VI859,MARDI SIFUENTES,AMBER RASMUSSEN,skipped,skipped
VI860,MARDI SIFUENTES,skipped,skipped,skipped
VI861,AMBER RASMUSSEN,skipped,skipped,skipped
VI862,NEF PACHECO,skipped,skipped,skipped
VI863,KRISTAL C. PRICE,MARDI SIFUENTES,AMBER RASMUSSEN,NEF PACHECO
VI864,KRISTAL C. PRICE,MARDI SIFUENTES,skipped,skipped
VI865,KRISTAL C. PRICE,MARDI SIFUENTES,NEF PACHECO,AMBER RASMUSSEN
VI866,MARDI SIFUENTES,AMBER RASMUSSEN,NEF PACHECO,skipped
VI867,MARDI SIFUENTES,NEF PACHECO,AMBER RASMUSSEN,uwi
VI868,KRISTAL C. PRICE,MARDI SIFUENTES,AMBER RASMUSSEN,NEF PACHECO
VI869,AMBER RASMUSSEN,NEF PACHECO,skipped,skipped
VI870,MARDI SIFUENTES,KRISTAL C. PRICE,skipped,skipped
VI871,KRISTAL C. PRICE,MARDI SIFUENTES,AMBER RASMUSSEN,NEF PACHECO
VI872,MARDI SIFUENTES,KRISTAL C. PRICE,skipped,skipped
VI873,MARDI SIFUENTES,KRISTAL C. PRICE,NEF PACHECO,AMBER RASMUSSEN
VI874,MARDI SIFUENTES,overvote,AMBER RASMUSSEN,uwi
VI875,AMBER RASMUSSEN,NEF PACHECO,MARDI SIFUENTES,skipped
VI876,AMBER RASMUSSEN,NEF PACHECO,MARDI SIFUENTES,skipped
VI877,KRISTAL C. PRICE,MARDI SIFUENTES,AMBER RASMUSSEN,NEF PACHECO
VI878,MARDI SIFUENTES,KRISTAL C. PRICE,AMBER RASMUSSEN,NEF PACHECO
VI879,NEF PACHECO,MARDI SIFUENTES,AMBER RASMUSSEN,uwi
VI880,KRISTAL C. PRICE,MARDI SIFUENTES,AMBER RASMUSSEN,NEF PACHECO
VI881,NEF PACHECO,MARDI SIFUENTES,AMBER RASMUSSEN,skipped
VI882,skipped,skipped,skipped,skipped
VI883,KRISTAL C. PRICE,MARDI SIFUENTES,AMBER RASMUSSEN,NEF PACHECO
VI884,MARDI SIFUENTES,KRISTAL C. PRICE,AMBER RASMUSSEN,NEF PACHECO
VI885,KRISTAL C. PRICE,MARDI SIFUENTES,AMBER RASMUSSEN,NEF PACHECO
VI886,MARDI SIFUENTES,skipped,skipped,skipped
VI887,MARDI SIFUENTES,NEF PACHECO,skipped,skipped
VI888,KRISTAL C. PRICE,MARDI SIFUENTES,AMBER RASMUSSEN,NEF PACHECO
VI889,MARDI SIFUENTES,NEF PACHECO,AMBER RASMUSSEN,skipped
VI890,NEF PACHECO,skipped,skipped,skipped
VI891,MARDI SIFUENTES,NEF PACHECO,AMBER RASMUSSEN,skipped
VI892,KRISTAL C. PRICE,NEF PACHECO,AMBER RASMUSSEN,MARDI SIFUENTES
VI893,MARDI SIFUENTES,AMBER RASMUSSEN,NEF PACHECO,KRISTAL C. PRICE
VI894,MARDI SIFUENTES,AMBER RASMUSSEN,NEF PACHECO,skipped
VI895,MARDI SIFUENTES,NEF PACHECO,AMBER RASMUSSEN,skipped
VI896,KRISTAL C. PRICE,MARDI SIFUENTES,AMBER RASMUSSEN,NEF PACHECO
VI897,MARDI SIFUENTES,KRISTAL C. PRICE,NEF PACHECO,AMBER RASMUSSEN
VI898,MARDI SIFUENTES,KRISTAL C. PRICE,skipped,skipped
VI899,NEF PACHECO,AMBER RASMUSSEN,MARDI SIFUENTES,uwi
VI900,MARDI SIFUENTES,KRISTAL C. PRICE,AMBER RASMUSSEN,NEF PACHECO
VI901,AMBER RASMUSSEN,MARDI SIFUENTES,NEF PACHECO,skipped
VI902,AMBER RASMUSSEN,NEF PACHECO,MARDI SIFUENTES,uwi
VI903,NEF PACHECO,MARDI SIFUENTES,AMBER RASMUSSEN,uwi
VI904,AMBER RASMUSSEN,NEF PACHECO,MARDI SIFUENTES,KRISTAL C. PRICE
VI905,MARDI SIFUENTES,KRISTAL C. PRICE,AMBER RASMUSSEN,NEF PACHECO
VI906,KRISTAL C. PRICE,MARDI SIFUENTES,NEF PACHECO,AMBER RASMUSSEN
VI907,AMBER RASMUSSEN,MARDI SIFUENTES,NEF PACHECO,skipped
VI908,MARDI SIFUENTES,NEF PACHECO,AMBER RASMUSSEN,skipped
VI909,KRISTAL C. PRICE,MARDI SIFUENTES,AMBER RASMUSSEN,NEF PACHECO
VI910,MARDI SIFUENTES,AMBER RASMUSSEN,NEF PACHECO,skipped
VI911,MARDI SIFUENTES,KRISTAL C. PRICE,NEF PACHECO,AMBER RASMUSSEN
VI912,MARDI SIFUENTES,NEF PACHECO,AMBER RASMUSSEN,skipped
VI913,MARDI SIFUENTES,AMBER RASMUSSEN,KRISTAL C. PRICE,NEF PACHECO
VI914,KRISTAL C. PRICE,MARDI SIFUENTES,NEF PACHECO,AMBER RASMUSSEN
VI915,MARDI SIFUENTES,AMBER RASMUSSEN,NEF PACHECO,skipped
VI916,AMBER RASMUSSEN,MARDI SIFUENTES,NEF PACHECO,uwi
VI917,MARDI SIFUENTES,NEF PACHECO,KRISTAL C. PRICE,skipped
VI918,NEF PACHECO,MARDI SIFUENTES,AMBER RASMUSSEN,KRISTAL C. PRICE
VI919,KRISTAL C. PRICE,AMBER RASMUSSEN,NEF PACHECO,MARDI SIFUENTES
VI920,KRISTAL C. PRICE,skipped,skipped,skipped
VI921,KRISTAL C. PRICE,AMBER RASMUSSEN,NEF PACHECO,MARDI SIFUENTES
VI922,MARDI SIFUENTES,KRISTAL C. PRICE,AMBER RASMUSSEN,NEF PACHECO
VI923,AMBER RASMUSSEN,NEF PACHECO,MARDI SIFUENTES,skipped
VI924,MARDI SIFUENTES,KRISTAL C. PRICE,skipped,skipped
VI925,KRISTAL C. PRICE,MARDI SIFUENTES,NEF PACHECO,AMBER RASMUSSEN
VI926,MARDI SIFUENTES,AMBER RASMUSSEN,NEF PACHECO,skipped
VI927,MARDI SIFUENTES,NEF PACHECO,AMBER RASMUSSEN,skipped
VI928,MARDI SIFUENTES,uwi,AMBER RASMUSSEN,NEF PACHECO
VI929,MARDI SIFUENTES,NEF PACHECO,AMBER RASMUSSEN,skipped
VI930,MARDI SIFUENTES,KRISTAL C. PRICE,AMBER RASMUSSEN,NEF PACHECO
VI931,MARDI SIFUENTES,AMBER RASMUSSEN,KRISTAL C. PRICE,NEF PACHECO
VI932,KRISTAL C. PRICE,MARDI SIFUENTES,AMBER RASMUSSEN,NEF PACHECO
VI933,AMBER RASMUSSEN,NEF PACHECO,MARDI SIFUENTES,uwi
VI934,KRISTAL C. PRICE,AMBER RASMUSSEN,NEF PACHECO,MARDI SIFUENTES
VI935,MARDI SIFUENTES,AMBER RASMUSSEN,NEF PACHECO,skipped
VI936,MARDI SIFUENTES,KRISTAL C. PRICE,skipped,skipped
VI937,AMBER RASMUSSEN,NEF PACHECO,MARDI SIFUENTES,skipped
VI938,MARDI SIFUENTES,AMBER RASMUSSEN,KRISTAL C. PRICE,NEF PACHECO
VI939,KRISTAL C. PRICE,NEF PACHECO,MARDI SIFUENTES,AMBER RASMUSSEN
VI940,MARDI SIFUENTES,KRISTAL C. PRICE,skipped,skipped
VI941,AMBER RASMUSSEN,NEF PACHECO,MARDI SIFUENTES,skipped
VI942,MARDI SIFUENTES,AMBER RASMUSSEN,NEF PACHECO,skipped
VI943,AMBER RASMUSSEN,skipped,skipped,skipped
VI944,AMBER RASMUSSEN,skipped,skipped,skipped
VI945,AMBER RASMUSSEN,skipped,skipped,skipped
VI946,KRISTAL C. PRICE,MARDI SIFUENTES,AMBER RASMUSSEN,NEF PACHECO
VI947,MARDI SIFUENTES,KRISTAL C. PRICE,AMBER RASMUSSEN,NEF PACHECO
VI948,AMBER RASMUSSEN,MARDI SIFUENTES,NEF PACHECO,uwi
VI949,AMBER RASMUSSEN,NEF PACHECO,MARDI SIFUENTES,uwi
VI950,AMBER RASMUSSEN,MARDI SIFUENTES,KRISTAL C. PRICE,NEF PACHECO
VI951,KRISTAL C. PRICE,MARDI SIFUENTES,AMBER RASMUSSEN,NEF PACHECO
VI952,MARDI SIFUENTES,NEF PACHECO,AMBER RASMUSSEN,skipped
VI953,KRISTAL C. PRICE,skipped,skipped,skipped
VI954,KRISTAL C. PRICE,MARDI SIFUENTES,NEF PACHECO,AMBER RASMUSSEN
VI955,NEF PACHECO,MARDI SIFUENTES,AMBER RASMUSSEN,uwi
VI956,MARDI SIFUENTES,MARDI SIFUENTES,MARDI SIFUENTES,MARDI SIFUENTES
VI957,KRISTAL C. PRICE,MARDI SIFUENTES,AMBER RASMUSSEN,skipped
VI958,KRISTAL C. PRICE,MARDI SIFUENTES,AMBER RASMUSSEN,NEF PACHECO
VI959,NEF PACHECO,KRISTAL C. PRICE,AMBER RASMUSSEN,MARDI SIFUENTES
VI960,AMBER RASMUSSEN,MARDI SIFUENTES,KRISTAL C. PRICE,NEF PACHECO
VI961,KRISTAL C. PRICE,MARDI SIFUENTES,AMBER RASMUSSEN,NEF PACHECO
VI962,AMBER RASMUSSEN,MARDI SIFUENTES,NEF PACHECO,uwi
VI963,AMBER RASMUSSEN,MARDI SIFUENTES,NEF PACHECO,skipped
VI964,AMBER RASMUSSEN,MARDI SIFUENTES,NEF PACHECO,skipped
VI965,KRISTAL C. PRICE,skipped,skipped,skipped
VI966,MARDI SIFUENTES,uwi,NEF PACHECO,AMBER RASMUSSEN
VI967,KRISTAL C. PRICE,MARDI SIFUENTES,AMBER RASMUSSEN,NEF PACHECO
VI968,MARDI SIFUENTES,skipped,skipped,skipped
VI969,MARDI SIFUENTES,MARDI SIFUENTES,MARDI SIFUENTES,MARDI SIFUENTES
VI970,MARDI SIFUENTES,skipped,skipped,skipped
VI971,KRISTAL C. PRICE,skipped,skipped,skipped
VI972,MARDI SIFUENTES,KRISTAL C. PRICE,AMBER RASMUSSEN,NEF PACHECO
VI973,MARDI SIFUENTES,skipped,skipped,skipped
VI974,AMBER RASMUSSEN,NEF PACHECO,KRISTAL C. PRICE,MARDI SIFUENTES
VI975,AMBER RASMUSSEN,MARDI SIFUENTES,skipped,skipped
VI976,MARDI SIFUENTES,KRISTAL C. PRICE,NEF PACHECO,AMBER RASMUSSEN
VI977,MARDI SIFUENTES,skipped,skipped,skipped
VI978,MARDI SIFUENTES,KRISTAL C. PRICE,NEF PACHECO,AMBER RASMUSSEN
VI979,MARDI SIFUENTES,NEF PACHECO,AMBER RASMUSSEN,skipped
VI980,AMBER RASMUSSEN,MARDI SIFUENTES,NEF PACHECO,skipped
VI981,AMBER RASMUSSEN,MARDI SIFUENTES,NEF PACHECO,skipped
VI982,AMBER RASMUSSEN,KRISTAL C. PRICE,MARDI SIFUENTES,NEF PACHECO
VI983,MARDI SIFUENTES,KRISTAL C. PRICE,skipped,skipped
VI984,MARDI SIFUENTES,NEF PACHECO,AMBER RASMUSSEN,skipped
VI985,MARDI SIFUENTES,KRISTAL C. PRICE,skipped,skipped
VI986,MARDI SIFUENTES,NEF PACHECO,KRISTAL C. PRICE,AMBER RASMUSSEN
VI987,uwi,MARDI SIFUENTES,AMBER RASMUSSEN,NEF PACHECO
VI988,MARDI SIFUENTES,KRISTAL C. PRICE,skipped,skipped
VI989,AMBER RASMUSSEN,MARDI SIFUENTES,NEF PACHECO,skipped
VI990,MARDI SIFUENTES,AMBER RASMUSSEN,NEF PACHECO,skipped
VI991,MARDI SIFUENTES,KRISTAL C. PRICE,AMBER RASMUSSEN,skipped
VI992,MARDI SIFUENTES,KRISTAL C. PRICE,AMBER RASMUSSEN,skipped
VI993,MARDI SIFUENTES,KRISTAL C. PRICE,skipped,skipped
VI994,MARDI SIFUENTES,AMBER RASMUSSEN,NEF PACHECO,skipped
VI995,KRISTAL C. PRICE,NEF PACHECO,AMBER RASMUSSEN,MARDI SIFUENTES
VI996,MARDI SIFUENTES,KRISTAL C. PRICE,NEF PACHECO,AMBER RASMUSSEN
VI997,MARDI SIFUENTES,AMBER RASMUSSEN,skipped,skipped
VI998,MARDI SIFUENTES,AMBER RASMUSSEN,NEF PACHECO,KRISTAL C. PRICE
VI999,AMBER RASMUSSEN,NEF PACHECO,MARDI SIFUENTES,skipped
VI1000,KRISTAL C. PRICE,MARDI SIFUENTES,skipped,skipped
VI1001,KRISTAL C. PRICE,MARDI SIFUENTES,NEF PACHECO,AMBER RASMUSSEN
VI1002,skipped,skipped,skipped,skipped
VI1003,AMBER RASMUSSEN,MARDI SIFUENTES,KRISTAL C. PRICE,NEF PACHECO
VI1004,uwi,AMBER RASMUSSEN,MARDI SIFUENTES,NEF PACHECO
VI1005,MARDI SIFUENTES,KRISTAL C. PRICE,NEF PACHECO,AMBER RASMUSSEN
VI1006,AMBER RASMUSSEN,NEF PACHECO,MARDI SIFUENTES,skipped
VI1007,NEF PACHECO,MARDI SIFUENTES,AMBER RASMUSSEN,skipped
VI1008,MARDI SIFUENTES,AMBER RASMUSSEN,skipped,skipped
VI1009,AMBER RASMUSSEN,skipped,skipped,skipped
VI1010,KRISTAL C. PRICE,skipped,skipped,skipped
VI1011,AMBER RASMUSSEN,MARDI SIFUENTES,KRISTAL C. PRICE,NEF PACHECO
VI1012,MARDI SIFUENTES,KRISTAL C. PRICE,AMBER RASMUSSEN,NEF PACHECO
VI1013,MARDI SIFUENTES,AMBER RASMUSSEN,skipped,skipped
VI1014,AMBER RASMUSSEN,skipped,skipped,skipped
VI1015,MARDI SIFUENTES,AMBER RASMUSSEN,NEF PACHECO,uwi
VI1016,AMBER RASMUSSEN,MARDI SIFUENTES,KRISTAL C. PRICE,NEF PACHECO
VI1017,MARDI SIFUENTES,AMBER RASMUSSEN,NEF PACHECO,skipped
VI1018,AMBER RASMUSSEN,MARDI SIFUENTES,NEF PACHECO,uwi
VI1019,KRISTAL C. PRICE,MARDI SIFUENTES,NEF PACHECO,AMBER RASMUSSEN
VI1020,MARDI SIFUENTES,KRISTAL C. PRICE,NEF PACHECO,AMBER RASMUSSEN
VI1021,KRISTAL C. PRICE,MARDI SIFUENTES,NEF PACHECO,AMBER RASMUSSEN
VI1022,MARDI SIFUENTES,KRISTAL C. PRICE,NEF PACHECO,skipped
VI1023,MARDI SIFUENTES,KRISTAL C. PRICE,NEF PACHECO,AMBER RASMUSSEN
VI1024,KRISTAL C. PRICE,skipped,skipped,skipped
VI1025,KRISTAL C. PRICE,MARDI SIFUENTES,NEF PACHECO,AMBER RASMUSSEN
VI1026,MARDI SIFUENTES,KRISTAL C. PRICE,AMBER RASMUSSEN,NEF PACHECO
VI1027,KRISTAL C. PRICE,skipped,skipped,skipped
VI1028,MARDI SIFUENTES,AMBER RASMUSSEN,NEF PACHECO,skipped
VI1029,KRISTAL C. PRICE,skipped,skipped,skipped
VI1030,KRISTAL C. PRICE,MARDI SIFUENTES,AMBER RASMUSSEN,NEF PACHECO
VI1031,MARDI SIFUENTES,KRISTAL C. PRICE,NEF PACHECO,AMBER RASMUSSEN
VI1032,MARDI SIFUENTES,AMBER RASMUSSEN,NEF PACHECO,skipped
VI1033,KRISTAL C. PRICE,MARDI SIFUENTES,NEF PACHECO,AMBER RASMUSSEN
VI1034,MARDI SIFUENTES,AMBER RASMUSSEN,NEF PACHECO,skipped
VI1035,MARDI SIFUENTES,AMBER RASMUSSEN,NEF PACHECO,skipped
VI1036,AMBER RASMUSSEN,MARDI SIFUENTES,KRISTAL C. PRICE,NEF PACHECO
VI1037,MARDI SIFUENTES,KRISTAL C. PRICE,NEF PACHECO,AMBER RASMUSSEN
VI1038,MARDI SIFUENTES,AMBER RASMUSSEN,NEF PACHECO,skipped
VI1039,MARDI SIFUENTES,AMBER RASMUSSEN,KRISTAL C. PRICE,NEF PACHECO
VI1040,MARDI SIFUENTES,NEF PACHECO,KRISTAL C. PRICE,AMBER RASMUSSEN
VI1041,KRISTAL C. PRICE,MARDI SIFUENTES,NEF PACHECO,AMBER RASMUSSEN
VI1042,MARDI SIFUENTES,KRISTAL C. PRICE,NEF PACHECO,AMBER RASMUSSEN
VI1043,AMBER RASMUSSEN,MARDI SIFUENTES,NEF PACHECO,uwi
VI1044,MARDI SIFUENTES,skipped,skipped,skipped
VI1045,KRISTAL C. PRICE,MARDI SIFUENTES,skipped,skipped
VI1046,AMBER RASMUSSEN,skipped,skipped,skipped
VI1047,MARDI SIFUENTES,KRISTAL C. PRICE,AMBER RASMUSSEN,skipped
VI1048,AMBER RASMUSSEN,KRISTAL C. PRICE,MARDI SIFUENTES,NEF PACHECO
VI1049,KRISTAL C. PRICE,MARDI SIFUENTES,AMBER RASMUSSEN,NEF PACHECO
VI1050,KRISTAL C. PRICE,MARDI SIFUENTES,AMBER RASMUSSEN,NEF PACHECO
VI1051,MARDI SIFUENTES,AMBER RASMUSSEN,skipped,skipped
VI1052,MARDI SIFUENTES,KRISTAL C. PRICE,NEF PACHECO,AMBER RASMUSSEN
VI1053,AMBER RASMUSSEN,KRISTAL C. PRICE,MARDI SIFUENTES,NEF PACHECO
VI1054,AMBER RASMUSSEN,KRISTAL C. PRICE,MARDI SIFUENTES,NEF PACHECO
VI1055,MARDI SIFUENTES,NEF PACHECO,AMBER RASMUSSEN,skipped
VI1056,MARDI SIFUENTES,KRISTAL C. PRICE,skipped,skipped
VI1057,MARDI SIFUENTES,skipped,skipped,skipped
VI1058,MARDI SIFUENTES,AMBER RASMUSSEN,NEF PACHECO,uwi
VI1059,AMBER RASMUSSEN,NEF PACHECO,MARDI SIFUENTES,skipped
VI1060,MARDI SIFUENTES,KRISTAL C. PRICE,skipped,skipped
VI1061,KRISTAL C. PRICE,MARDI SIFUENTES,AMBER RASMUSSEN,NEF PACHECO
VI1062,MARDI SIFUENTES,KRISTAL C. PRICE,NEF PACHECO,AMBER RASMUSSEN
VI1063,KRISTAL C. PRICE,skipped,skipped,skipped
VI1064,AMBER RASMUSSEN,MARDI SIFUENTES,NEF PACHECO,skipped
VI1065,MARDI SIFUENTES,skipped,skipped,skipped
VI1066,MARDI SIFUENTES,AMBER RASMUSSEN,NEF PACHECO,skipped
VI1067,NEF PACHECO,KRISTAL C. PRICE,AMBER RASMUSSEN,MARDI SIFUENTES
VI1068,MARDI SIFUENTES,KRISTAL C. PRICE,AMBER RASMUSSEN,NEF PACHECO
VI1069,AMBER RASMUSSEN,NEF PACHECO,MARDI SIFUENTES,uwi
VI1070,AMBER RASMUSSEN,AMBER RASMUSSEN,AMBER RASMUSSEN,AMBER RASMUSSEN
VI1071,MARDI SIFUENTES,AMBER RASMUSSEN,NEF PACHECO,skipped
VI1072,MARDI SIFUENTES,KRISTAL C. PRICE,AMBER RASMUSSEN,NEF PACHECO
VI1073,KRISTAL C. PRICE,MARDI SIFUENTES,NEF PACHECO,AMBER RASMUSSEN
VI1074,MARDI SIFUENTES,KRISTAL C. PRICE,AMBER RASMUSSEN,NEF PACHECO
VI1075,MARDI SIFUENTES,KRISTAL C. PRICE,AMBER RASMUSSEN,NEF PACHECO
VI1076,MARDI SIFUENTES,KRISTAL C. PRICE,NEF PACHECO,AMBER RASMUSSEN
VI1077,AMBER RASMUSSEN,MARDI SIFUENTES,NEF PACHECO,skipped
VI1078,NEF PACHECO,AMBER RASMUSSEN,MARDI SIFUENTES,skipped
VI1079,MARDI SIFUENTES,NEF PACHECO,AMBER RASMUSSEN,skipped
VI1080,MARDI SIFUENTES,skipped,skipped,skipped
VI1081,MARDI SIFUENTES,AMBER RASMUSSEN,NEF PACHECO,skipped
VI1082,MARDI SIFUENTES,skipped,AMBER RASMUSSEN,NEF PACHECO
VI1083,MARDI SIFUENTES,KRISTAL C. PRICE,NEF PACHECO,AMBER RASMUSSEN
VI1084,AMBER RASMUSSEN,MARDI SIFUENTES,NEF PACHECO,skipped
VI1085,AMBER RASMUSSEN,MARDI SIFUENTES,KRISTAL C. PRICE,NEF PACHECO
VI1086,AMBER RASMUSSEN,MARDI SIFUENTES,skipped,NEF PACHECO
VI1087,AMBER RASMUSSEN,NEF PACHECO,uwi,MARDI SIFUENTES
VI1088,NEF PACHECO,MARDI SIFUENTES,AMBER RASMUSSEN,uwi
VI1089,MARDI SIFUENTES,AMBER RASMUSSEN,NEF PACHECO,skipped
VI1090,AMBER RASMUSSEN,NEF PACHECO,MARDI SIFUENTES,skipped
VI1091,MARDI SIFUENTES,skipped,skipped,skipped
VI1092,KRISTAL C. PRICE,MARDI SIFUENTES,AMBER RASMUSSEN,NEF PACHECO
VI1093,MARDI SIFUENTES,KRISTAL C. PRICE,skipped,skipped
VI1094,NEF PACHECO,MARDI SIFUENTES,AMBER RASMUSSEN,skipped
VI1095,skipped,skipped,skipped,skipped
VI1096,MARDI SIFUENTES,KRISTAL C. PRICE,NEF PACHECO,AMBER RASMUSSEN
VI1097,AMBER RASMUSSEN,KRISTAL C. PRICE,skipped,skipped
VI1098,AMBER RASMUSSEN,MARDI SIFUENTES,NEF PACHECO,uwi
VI1099,NEF PACHECO,MARDI SIFUENTES,AMBER RASMUSSEN,skipped
VI1100,MARDI SIFUENTES,NEF PACHECO,AMBER RASMUSSEN,skipped
VI1101,MARDI SIFUENTES,AMBER RASMUSSEN,NEF PACHECO,skipped
VI1102,MARDI SIFUENTES,NEF PACHECO,AMBER RASMUSSEN,skipped
VI1103,AMBER RASMUSSEN,MARDI SIFUENTES,NEF PACHECO,skipped
VI1104,KRISTAL C. PRICE,MARDI SIFUENTES,skipped,skipped
VI1105,MARDI SIFUENTES,AMBER RASMUSSEN,NEF PACHECO,uwi
VI1106,MARDI SIFUENTES,KRISTAL C. PRICE,AMBER RASMUSSEN,NEF PACHECO
VI1107,KRISTAL C. PRICE,MARDI SIFUENTES,AMBER RASMUSSEN,NEF PACHECO
VI1108,MARDI SIFUENTES,NEF PACHECO,AMBER RASMUSSEN,KRISTAL C. PRICE
VI1109,NEF PACHECO,MARDI SIFUENTES,AMBER RASMUSSEN,skipped
VI1110,MARDI SIFUENTES,KRISTAL C. PRICE,NEF PACHECO,AMBER RASMUSSEN
VI1111,AMBER RASMUSSEN,MARDI SIFUENTES,NEF PACHECO,uwi
VI1112,AMBER RASMUSSEN,MARDI SIFUENTES,NEF PACHECO,KRISTAL C. PRICE
VI1113,MARDI SIFUENTES,KRISTAL C. PRICE,NEF PACHECO,AMBER RASMUSSEN
VI1114,MARDI SIFUENTES,KRISTAL C. PRICE,NEF PACHECO,AMBER RASMUSSEN
VI1115,MARDI SIFUENTES,NEF PACHECO,AMBER RASMUSSEN,skipped
VI1116,MARDI SIFUENTES,AMBER RASMUSSEN,NEF PACHECO,skipped
VI1117,AMBER RASMUSSEN,NEF PACHECO,KRISTAL C. PRICE,NEF PACHECO
VI1118,MARDI SIFUENTES,KRISTAL C. PRICE,AMBER RASMUSSEN,NEF PACHECO
VI1119,KRISTAL C. PRICE,MARDI SIFUENTES,AMBER RASMUSSEN,NEF PACHECO
VI1120,MARDI SIFUENTES,AMBER RASMUSSEN,NEF PACHECO,KRISTAL C. PRICE
VI1121,AMBER RASMUSSEN,NEF PACHECO,KRISTAL C. PRICE,MARDI SIFUENTES
VI1122,AMBER RASMUSSEN,MARDI SIFUENTES,NEF PACHECO,skipped
VI1123,MARDI SIFUENTES,AMBER RASMUSSEN,uwi,NEF PACHECO
VI1124,MARDI SIFUENTES,NEF PACHECO,AMBER RASMUSSEN,skipped
VI1125,KRISTAL C. PRICE,MARDI SIFUENTES,NEF PACHECO,skipped
VI1126,KRISTAL C. PRICE,MARDI SIFUENTES,NEF PACHECO,AMBER RASMUSSEN
VI1127,MARDI SIFUENTES,AMBER RASMUSSEN,NEF PACHECO,KRISTAL C. PRICE
VI1128,KRISTAL C. PRICE,MARDI SIFUENTES,NEF PACHECO,AMBER RASMUSSEN
VI1129,AMBER RASMUSSEN,MARDI SIFUENTES,NEF PACHECO,skipped
VI1130,uwi,skipped,skipped,overvote
VI1131,MARDI SIFUENTES,AMBER RASMUSSEN,skipped,skipped
VI1132,MARDI SIFUENTES,NEF PACHECO,uwi,AMBER RASMUSSEN
VI1133,AMBER RASMUSSEN,MARDI SIFUENTES,NEF PACHECO,uwi
VI1134,MARDI SIFUENTES,NEF PACHECO,uwi,AMBER RASMUSSEN
VI1135,MARDI SIFUENTES,KRISTAL C. PRICE,NEF PACHECO,AMBER RASMUSSEN
VI1136,MARDI SIFUENTES,AMBER RASMUSSEN,NEF PACHECO,skipped
VI1137,AMBER RASMUSSEN,MARDI SIFUENTES,NEF PACHECO,uwi
VI1138,MARDI SIFUENTES,NEF PACHECO,AMBER RASMUSSEN,skipped
VI1139,MARDI SIFUENTES,KRISTAL C. PRICE,AMBER RASMUSSEN,NEF PACHECO
VI1140,MARDI SIFUENTES,KRISTAL C. PRICE,AMBER RASMUSSEN,NEF PACHECO
VI1141,MARDI SIFUENTES,KRISTAL C. PRICE,skipped,skipped
VI1142,MARDI SIFUENTES,NEF PACHECO,AMBER RASMUSSEN,skipped
VI1143,MARDI SIFUENTES,KRISTAL C. PRICE,AMBER RASMUSSEN,NEF PACHECO
VI1144,KRISTAL C. PRICE,MARDI SIFUENTES,NEF PACHECO,AMBER RASMUSSEN
VI1145,MARDI SIFUENTES,KRISTAL C. PRICE,NEF PACHECO,AMBER RASMUSSEN
VI1146,NEF PACHECO,KRISTAL C. PRICE,MARDI SIFUENTES,AMBER RASMUSSEN
VI1147,MARDI SIFUENTES,AMBER RASMUSSEN,NEF PACHECO,skipped
VI1148,MARDI SIFUENTES,NEF PACHECO,AMBER RASMUSSEN,uwi
VI1149,MARDI SIFUENTES,KRISTAL C. PRICE,NEF PACHECO,AMBER RASMUSSEN
VI1150,KRISTAL C. PRICE,MARDI SIFUENTES,skipped,skipped
VI1151,MARDI SIFUENTES,NEF PACHECO,AMBER RASMUSSEN,skipped
VI1152,MARDI SIFUENTES,AMBER RASMUSSEN,KRISTAL C. PRICE,NEF PACHECO
VI1153,MARDI SIFUENTES,AMBER RASMUSSEN,KRISTAL C. PRICE,skipped
VI1154,uwi,AMBER RASMUSSEN,MARDI SIFUENTES,NEF PACHECO
VI1155,NEF PACHECO,KRISTAL C. PRICE,AMBER RASMUSSEN,MARDI SIFUENTES
VI1156,MARDI SIFUENTES,skipped,skipped,skipped
VI1157,AMBER RASMUSSEN,MARDI SIFUENTES,NEF PACHECO,skipped
VI1158,KRISTAL C. PRICE,MARDI SIFUENTES,NEF PACHECO,AMBER RASMUSSEN
VI1159,NEF PACHECO,MARDI SIFUENTES,AMBER RASMUSSEN,skipped
VI1160,KRISTAL C. PRICE,MARDI SIFUENTES,NEF PACHECO,AMBER RASMUSSEN
VI1161,MARDI SIFUENTES,AMBER RASMUSSEN,NEF PACHECO,skipped
VI1162,AMBER RASMUSSEN,MARDI SIFUENTES,NEF PACHECO,skipped
VI1163,MARDI SIFUENTES,AMBER RASMUSSEN,uwi,NEF PACHECO
VI1164,AMBER RASMUSSEN,skipped,skipped,skipped
VI1165,AMBER RASMUSSEN,NEF PACHECO,MARDI SIFUENTES,skipped
VI1166,AMBER RASMUSSEN,MARDI SIFUENTES,NEF PACHECO,skipped
VI1167,AMBER RASMUSSEN,MARDI SIFUENTES,NEF PACHECO,skipped
VI1168,AMBER RASMUSSEN,NEF PACHECO,MARDI SIFUENTES,skipped
VI1169,MARDI SIFUENTES,NEF PACHECO,AMBER RASMUSSEN,skipped
VI1170,MARDI SIFUENTES,KRISTAL C. PRICE,skipped,skipped
VI1171,KRISTAL C. PRICE,skipped,skipped,skipped
VI1172,MARDI SIFUENTES,NEF PACHECO,AMBER RASMUSSEN,uwi
VI1173,KRISTAL C. PRICE,skipped,skipped,skipped
VI1174,MARDI SIFUENTES,KRISTAL C. PRICE,AMBER RASMUSSEN,NEF PACHECO
VI1175,NEF PACHECO,AMBER RASMUSSEN,MARDI SIFUENTES,skipped
VI1176,KRISTAL C. PRICE,MARDI SIFUENTES,NEF PACHECO,AMBER RASMUSSEN
VI1177,AMBER RASMUSSEN,MARDI SIFUENTES,NEF PACHECO,skipped
VI1178,MARDI SIFUENTES,KRISTAL C. PRICE,AMBER RASMUSSEN,NEF PACHECO
VI1179,MARDI SIFUENTES,KRISTAL C. PRICE,skipped,skipped
VI1180,KRISTAL C. PRICE,MARDI SIFUENTES,NEF PACHECO,AMBER RASMUSSEN
VI1181,MARDI SIFUENTES,NEF PACHECO,AMBER RASMUSSEN,skipped
VI1182,KRISTAL C. PRICE,MARDI SIFUENTES,AMBER RASMUSSEN,NEF PACHECO
VI1183,MARDI SIFUENTES,KRISTAL C. PRICE,skipped,skipped
VI1184,KRISTAL C. PRICE,MARDI SIFUENTES,AMBER RASMUSSEN,NEF PACHECO
VI1185,AMBER RASMUSSEN,MARDI SIFUENTES,NEF PACHECO,skipped
VI1186,MARDI SIFUENTES,KRISTAL C. PRICE,AMBER RASMUSSEN,NEF PACHECO
VI1187,KRISTAL C. PRICE,MARDI SIFUENTES,NEF PACHECO,AMBER RASMUSSEN
VI1188,AMBER RASMUSSEN,MARDI SIFUENTES,KRISTAL C. PRICE,NEF PACHECO
VI1189,MARDI SIFUENTES,uwi,NEF PACHECO,AMBER RASMUSSEN
VI1190,MARDI SIFUENTES,AMBER RASMUSSEN,NEF PACHECO,skipped
VI1191,MARDI SIFUENTES,AMBER RASMUSSEN,NEF PACHECO,skipped
VI1192,MARDI SIFUENTES,uwi,AMBER RASMUSSEN,NEF PACHECO
VI1193,MARDI SIFUENTES,skipped,skipped,skipped
VI1194,MARDI SIFUENTES,AMBER RASMUSSEN,NEF PACHECO,uwi
VI1195,NEF PACHECO,AMBER RASMUSSEN,MARDI SIFUENTES,skipped
VI1196,NEF PACHECO,MARDI SIFUENTES,KRISTAL C. PRICE,skipped
VI1197,MARDI SIFUENTES,skipped,skipped,skipped
VI1198,MARDI SIFUENTES,NEF PACHECO,AMBER RASMUSSEN,skipped
VI1199,NEF PACHECO,MARDI SIFUENTES,AMBER RASMUSSEN,KRISTAL C. PRICE
VI1200,MARDI SIFUENTES,uwi,AMBER RASMUSSEN,NEF PACHECO
VI1201,MARDI SIFUENTES,KRISTAL C. PRICE,skipped,skipped
VI1202,uwi,MARDI SIFUENTES,NEF PACHECO,skipped
VI1203,KRISTAL C. PRICE,MARDI SIFUENTES,AMBER RASMUSSEN,skipped
VI1204,KRISTAL C. PRICE,AMBER RASMUSSEN,NEF PACHECO,MARDI SIFUENTES
VI1205,KRISTAL C. PRICE,MARDI SIFUENTES,AMBER RASMUSSEN,skipped
VI1206,AMBER RASMUSSEN,MARDI SIFUENTES,uwi,NEF PACHECO
VI1207,NEF PACHECO,AMBER RASMUSSEN,KRISTAL C. PRICE,MARDI SIFUENTES
VI1208,AMBER RASMUSSEN,MARDI SIFUENTES,NEF PACHECO,uwi
VI1209,MARDI SIFUENTES,KRISTAL C. PRICE,NEF PACHECO,AMBER RASMUSSEN
VI1210,KRISTAL C. PRICE,MARDI SIFUENTES,NEF PACHECO,AMBER RASMUSSEN
VI1211,AMBER RASMUSSEN,MARDI SIFUENTES,NEF PACHECO,skipped
VI1212,MARDI SIFUENTES,AMBER RASMUSSEN,skipped,skipped
VI1213,MARDI SIFUENTES,NEF PACHECO,AMBER RASMUSSEN,skipped
VI1214,MARDI SIFUENTES,AMBER RASMUSSEN,skipped,skipped
VI1215,KRISTAL C. PRICE,skipped,skipped,skipped
VI1216,MARDI SIFUENTES,AMBER RASMUSSEN,NEF PACHECO,skipped
VI1217,MARDI SIFUENTES,MARDI SIFUENTES,NEF PACHECO,skipped
VI1218,KRISTAL C. PRICE,MARDI SIFUENTES,AMBER RASMUSSEN,NEF PACHECO
VI1219,AMBER RASMUSSEN,MARDI SIFUENTES,NEF PACHECO,KRISTAL C. PRICE
VI1220,MARDI SIFUENTES,NEF PACHECO,AMBER RASMUSSEN,KRISTAL C. PRICE
VI1221,MARDI SIFUENTES,KRISTAL C. PRICE,NEF PACHECO,AMBER RASMUSSEN
VI1222,NEF PACHECO,MARDI SIFUENTES,AMBER RASMUSSEN,skipped
VI1223,MARDI SIFUENTES,NEF PACHECO,AMBER RASMUSSEN,KRISTAL C. PRICE
VI1224,MARDI SIFUENTES,KRISTAL C. PRICE,AMBER RASMUSSEN,NEF PACHECO
VI1225,MARDI SIFUENTES,NEF PACHECO,AMBER RASMUSSEN,skipped
VI1226,MARDI SIFUENTES,AMBER RASMUSSEN,NEF PACHECO,KRISTAL C. PRICE
VI1227,KRISTAL C. PRICE,MARDI SIFUENTES,AMBER RASMUSSEN,NEF PACHECO
VI1228,NEF PACHECO,KRISTAL C. PRICE,AMBER RASMUSSEN,MARDI SIFUENTES
VI1229,MARDI SIFUENTES,AMBER RASMUSSEN,NEF PACHECO,skipped
VI1230,MARDI SIFUENTES,skipped,skipped,skipped
VI1231,AMBER RASMUSSEN,NEF PACHECO,MARDI SIFUENTES,skipped
VI1232,NEF PACHECO,MARDI SIFUENTES,AMBER RASMUSSEN,uwi
VI1233,AMBER RASMUSSEN,MARDI SIFUENTES,NEF PACHECO,skipped
VI1234,AMBER RASMUSSEN,NEF PACHECO,MARDI SIFUENTES,skipped
VI1235,NEF PACHECO,MARDI SIFUENTES,AMBER RASMUSSEN,skipped
VI1236,AMBER RASMUSSEN,MARDI SIFUENTES,NEF PACHECO,uwi
VI1237,KRISTAL C. PRICE,MARDI SIFUENTES,NEF PACHECO,AMBER RASMUSSEN
VI1238,AMBER RASMUSSEN,MARDI SIFUENTES,skipped,skipped
VI1239,MARDI SIFUENTES,AMBER RASMUSSEN,NEF PACHECO,KRISTAL C. PRICE
VI1240,AMBER RASMUSSEN,MARDI SIFUENTES,skipped,skipped
VI1241,AMBER RASMUSSEN,MARDI SIFUENTES,NEF PACHECO,uwi
VI1242,MARDI SIFUENTES,KRISTAL C. PRICE,NEF PACHECO,AMBER RASMUSSEN
VI1243,AMBER RASMUSSEN,NEF PACHECO,MARDI SIFUENTES,skipped
VI1244,AMBER RASMUSSEN,MARDI SIFUENTES,NEF PACHECO,KRISTAL C. PRICE
VI1245,KRISTAL C. PRICE,MARDI SIFUENTES,AMBER RASMUSSEN,NEF PACHECO
VI1246,MARDI SIFUENTES,NEF PACHECO,AMBER RASMUSSEN,skipped
VI1247,MARDI SIFUENTES,skipped,skipped,skipped
VI1248,skipped,MARDI SIFUENTES,skipped,skipped
VI1249,MARDI SIFUENTES,NEF PACHECO,skipped,skipped
VI1250,AMBER RASMUSSEN,NEF PACHECO,MARDI SIFUENTES,skipped
VI1251,KRISTAL C. PRICE,MARDI SIFUENTES,AMBER RASMUSSEN,NEF PACHECO
VI1252,MARDI SIFUENTES,NEF PACHECO,AMBER RASMUSSEN,skipped
VI1253,AMBER RASMUSSEN,uwi,NEF PACHECO,MARDI SIFUENTES
VI1254,MARDI SIFUENTES,KRISTAL C. PRICE,NEF PACHECO,AMBER RASMUSSEN
VI1255,AMBER RASMUSSEN,MARDI SIFUENTES,NEF PACHECO,skipped
VI1256,AMBER RASMUSSEN,uwi,NEF PACHECO,MARDI SIFUENTES
VI1257,MARDI SIFUENTES,NEF PACHECO,AMBER RASMUSSEN,skipped
VI1258,AMBER RASMUSSEN,MARDI SIFUENTES,NEF PACHECO,skipped
VI1259,MARDI SIFUENTES,AMBER RASMUSSEN,skipped,skipped
VI1260,MARDI SIFUENTES,NEF PACHECO,AMBER RASMUSSEN,uwi
VI1261,NEF PACHECO,AMBER RASMUSSEN,MARDI SIFUENTES,skipped
VI1262,MARDI SIFUENTES,AMBER RASMUSSEN,NEF PACHECO,skipped
VI1263,MARDI SIFUENTES,AMBER RASMUSSEN,NEF PACHECO,skipped
VI1264,MARDI SIFUENTES,AMBER RASMUSSEN,uwi,NEF PACHECO
VI1265,KRISTAL C. PRICE,MARDI SIFUENTES,AMBER RASMUSSEN,NEF PACHECO
VI1266,MARDI SIFUENTES,skipped,skipped,skipped
VI1267,MARDI SIFUENTES,AMBER RASMUSSEN,KRISTAL C. PRICE,NEF PACHECO
VI1268,MARDI SIFUENTES,AMBER RASMUSSEN,KRISTAL C. PRICE,NEF PACHECO
VI1269,MARDI SIFUENTES,KRISTAL C. PRICE,skipped,skipped
VI1270,MARDI SIFUENTES,AMBER RASMUSSEN,NEF PACHECO,KRISTAL C. PRICE
VI1271,AMBER RASMUSSEN,MARDI SIFUENTES,NEF PACHECO,uwi
VI1272,MARDI SIFUENTES,AMBER RASMUSSEN,NEF PACHECO,uwi
VI1273,NEF PACHECO,MARDI SIFUENTES,AMBER RASMUSSEN,skipped
VI1274,MARDI SIFUENTES,skipped,skipped,skipped
VI1275,MARDI SIFUENTES,NEF PACHECO,KRISTAL C. PRICE,AMBER RASMUSSEN
VI1276,MARDI SIFUENTES,skipped,skipped,skipped
VI1277,KRISTAL C. PRICE,MARDI SIFUENTES,AMBER RASMUSSEN,NEF PACHECO
VI1278,MARDI SIFUENTES,AMBER RASMUSSEN,NEF PACHECO,skipped
VI1279,MARDI SIFUENTES,NEF PACHECO,AMBER RASMUSSEN,skipped
VI1280,MARDI SIFUENTES,AMBER RASMUSSEN,KRISTAL C. PRICE,NEF PACHECO
VI1281,MARDI SIFUENTES,AMBER RASMUSSEN,NEF PACHECO,skipped
VI1282,MARDI SIFUENTES,KRISTAL C. PRICE,AMBER RASMUSSEN,NEF PACHECO
VI1283,MARDI SIFUENTES,MARDI SIFUENTES,AMBER RASMUSSEN,NEF PACHECO
VI1284,KRISTAL C. PRICE,MARDI SIFUENTES,AMBER RASMUSSEN,NEF PACHECO
VI1285,uwi,MARDI SIFUENTES,AMBER RASMUSSEN,NEF PACHECO
VI1286,NEF PACHECO,MARDI SIFUENTES,AMBER RASMUSSEN,skipped
VI1287,MARDI SIFUENTES,NEF PACHECO,AMBER RASMUSSEN,uwi
VI1288,AMBER RASMUSSEN,MARDI SIFUENTES,NEF PACHECO,skipped
VI1289,MARDI SIFUENTES,AMBER RASMUSSEN,NEF PACHECO,skipped
VI1290,KRISTAL C. PRICE,NEF PACHECO,AMBER RASMUSSEN,MARDI SIFUENTES
VI1291,AMBER RASMUSSEN,MARDI SIFUENTES,NEF PACHECO,skipped
VI1292,NEF PACHECO,KRISTAL C. PRICE,AMBER RASMUSSEN,MARDI SIFUENTES
VI1293,KRISTAL C. PRICE,NEF PACHECO,AMBER RASMUSSEN,MARDI SIFUENTES
VI1294,KRISTAL C. PRICE,MARDI SIFUENTES,skipped,skipped
VI1295,MARDI SIFUENTES,KRISTAL C. PRICE,AMBER RASMUSSEN,NEF PACHECO
VI1296,AMBER RASMUSSEN,MARDI SIFUENTES,NEF PACHECO,skipped
VI1297,MARDI SIFUENTES,NEF PACHECO,AMBER RASMUSSEN,skipped
VI1298,AMBER RASMUSSEN,MARDI SIFUENTES,NEF PACHECO,skipped
VI1299,AMBER RASMUSSEN,MARDI SIFUENTES,KRISTAL C. PRICE,NEF PACHECO
VI1300,KRISTAL C. PRICE,MARDI SIFUENTES,AMBER RASMUSSEN,NEF PACHECO
VI1301,KRISTAL C. PRICE,MARDI SIFUENTES,NEF PACHECO,skipped
VI1302,KRISTAL C. PRICE,MARDI SIFUENTES,AMBER RASMUSSEN,NEF PACHECO
VI1303,KRISTAL C. PRICE,MARDI SIFUENTES,NEF PACHECO,skipped
VI1304,AMBER RASMUSSEN,NEF PACHECO,KRISTAL C. PRICE,MARDI SIFUENTES
VI1305,MARDI SIFUENTES,KRISTAL C. PRICE,NEF PACHECO,AMBER RASMUSSEN
VI1306,AMBER RASMUSSEN,MARDI SIFUENTES,KRISTAL C. PRICE,NEF PACHECO
VI1307,AMBER RASMUSSEN,MARDI SIFUENTES,NEF PACHECO,skipped
VI1308,MARDI SIFUENTES,AMBER RASMUSSEN,uwi,NEF PACHECO
VI1309,AMBER RASMUSSEN,MARDI SIFUENTES,NEF PACHECO,uwi
VI1310,AMBER RASMUSSEN,NEF PACHECO,skipped,skipped
VI1311,AMBER RASMUSSEN,MARDI SIFUENTES,NEF PACHECO,skipped
VI1312,MARDI SIFUENTES,KRISTAL C. PRICE,NEF PACHECO,AMBER RASMUSSEN
VI1313,MARDI SIFUENTES,skipped,skipped,skipped
VI1314,MARDI SIFUENTES,KRISTAL C. PRICE,AMBER RASMUSSEN,NEF PACHECO
VI1315,MARDI SIFUENTES,skipped,skipped,skipped
VI1316,MARDI SIFUENTES,skipped,skipped,skipped
VI1317,MARDI SIFUENTES,KRISTAL C. PRICE,AMBER RASMUSSEN,NEF PACHECO
VI1318,KRISTAL C. PRICE,MARDI SIFUENTES,NEF PACHECO,AMBER RASMUSSEN
VI1319,MARDI SIFUENTES,KRISTAL C. PRICE,AMBER RASMUSSEN,NEF PACHECO
VI1320,MARDI SIFUENTES,NEF PACHECO,AMBER RASMUSSEN,skipped
VI1321,MARDI SIFUENTES,KRISTAL C. PRICE,NEF PACHECO,AMBER RASMUSSEN
VI1322,AMBER RASMUSSEN,MARDI SIFUENTES,NEF PACHECO,uwi
VI1323,MARDI SIFUENTES,AMBER RASMUSSEN,NEF PACHECO,skipped
VI1324,MARDI SIFUENTES,AMBER RASMUSSEN,NEF PACHECO,skipped
VI1325,KRISTAL C. PRICE,MARDI SIFUENTES,skipped,skipped
VI1326,MARDI SIFUENTES,KRISTAL C. PRICE,skipped,skipped
VI1327,AMBER RASMUSSEN,NEF PACHECO,skipped,skipped
VI1328,MARDI SIFUENTES,AMBER RASMUSSEN,NEF PACHECO,skipped
VI1329,KRISTAL C. PRICE,MARDI SIFUENTES,AMBER RASMUSSEN,NEF PACHECO
VI1330,KRISTAL C. PRICE,MARDI SIFUENTES,NEF PACHECO,AMBER RASMUSSEN
VI1331,AMBER RASMUSSEN,skipped,skipped,skipped
VI1332,KRISTAL C. PRICE,MARDI SIFUENTES,skipped,skipped
VI1333,KRISTAL C. PRICE,NEF PACHECO,MARDI SIFUENTES,AMBER RASMUSSEN
VI1334,MARDI SIFUENTES,AMBER RASMUSSEN,uwi,NEF PACHECO
VI1335,KRISTAL C. PRICE,MARDI SIFUENTES,skipped,skipped
VI1336,MARDI SIFUENTES,NEF PACHECO,AMBER RASMUSSEN,uwi
VI1337,MARDI SIFUENTES,AMBER RASMUSSEN,uwi,NEF PACHECO
VI1338,skipped,skipped,skipped,skipped
VI1339,MARDI SIFUENTES,AMBER RASMUSSEN,NEF PACHECO,uwi
VI1340,MARDI SIFUENTES,AMBER RASMUSSEN,NEF PACHECO,uwi
VI1341,MARDI SIFUENTES,AMBER RASMUSSEN,NEF PACHECO,uwi
VI1342,MARDI SIFUENTES,AMBER RASMUSSEN,NEF PACHECO,skipped
VI1343,MARDI SIFUENTES,AMBER RASMUSSEN,NEF PACHECO,skipped
VI1344,MARDI SIFUENTES,KRISTAL C. PRICE,NEF PACHECO,AMBER RASMUSSEN
VI1345,MARDI SIFUENTES,KRISTAL C. PRICE,NEF PACHECO,AMBER RASMUSSEN
VI1346,KRISTAL C. PRICE,AMBER RASMUSSEN,MARDI SIFUENTES,NEF PACHECO
VI1347,KRISTAL C. PRICE,skipped,skipped,skipped
VI1348,NEF PACHECO,MARDI SIFUENTES,AMBER RASMUSSEN,skipped
VI1349,AMBER RASMUSSEN,NEF PACHECO,MARDI SIFUENTES,skipped
VI1350,MARDI SIFUENTES,AMBER RASMUSSEN,NEF PACHECO,KRISTAL C. PRICE
VI1351,KRISTAL C. PRICE,MARDI SIFUENTES,skipped,skipped
VI1352,KRISTAL C. PRICE,MARDI SIFUENTES,skipped,skipped
VI1353,AMBER RASMUSSEN,NEF PACHECO,MARDI SIFUENTES,skipped
VI1354,NEF PACHECO,AMBER RASMUSSEN,MARDI SIFUENTES,skipped
VI1355,KRISTAL C. PRICE,MARDI SIFUENTES,NEF PACHECO,AMBER RASMUSSEN
VI1356,NEF PACHECO,MARDI SIFUENTES,AMBER RASMUSSEN,uwi
VI1357,KRISTAL C. PRICE,AMBER RASMUSSEN,MARDI SIFUENTES,NEF PACHECO
VI1358,uwi,NEF PACHECO,AMBER RASMUSSEN,MARDI SIFUENTES
VI1359,NEF PACHECO,AMBER RASMUSSEN,MARDI SIFUENTES,skipped
VI1360,MARDI SIFUENTES,AMBER RASMUSSEN,NEF PACHECO,uwi
VI1361,KRISTAL C. PRICE,MARDI SIFUENTES,NEF PACHECO,AMBER RASMUSSEN
VI1362,AMBER RASMUSSEN,NEF PACHECO,MARDI SIFUENTES,skipped
VI1363,MARDI SIFUENTES,KRISTAL C. PRICE,NEF PACHECO,AMBER RASMUSSEN
VI1364,MARDI SIFUENTES,uwi,NEF PACHECO,AMBER RASMUSSEN
VI1365,MARDI SIFUENTES,KRISTAL C. PRICE,NEF PACHECO,AMBER RASMUSSEN
VI1366,AMBER RASMUSSEN,MARDI SIFUENTES,NEF PACHECO,skipped
VI1367,MARDI SIFUENTES,AMBER RASMUSSEN,NEF PACHECO,skipped
VI1368,MARDI SIFUENTES,skipped,skipped,skipped
VI1369,MARDI SIFUENTES,NEF PACHECO,AMBER RASMUSSEN,skipped
VI1370,KRISTAL C. PRICE,MARDI SIFUENTES,NEF PACHECO,AMBER RASMUSSEN
VI1371,MARDI SIFUENTES,KRISTAL C. PRICE,AMBER RASMUSSEN,NEF PACHECO
VI1372,KRISTAL C. PRICE,MARDI SIFUENTES,NEF PACHECO,AMBER RASMUSSEN
VI1373,MARDI SIFUENTES,AMBER RASMUSSEN,KRISTAL C. PRICE,NEF PACHECO
VI1374,KRISTAL C. PRICE,skipped,skipped,skipped
VI1375,MARDI SIFUENTES,AMBER RASMUSSEN,NEF PACHECO,skipped
VI1376,AMBER RASMUSSEN,uwi,MARDI SIFUENTES,NEF PACHECO
VI1377,MARDI SIFUENTES,NEF PACHECO,skipped,skipped
VI1378,MARDI SIFUENTES,AMBER RASMUSSEN,NEF PACHECO,skipped
VI1379,KRISTAL C. PRICE,NEF PACHECO,MARDI SIFUENTES,AMBER RASMUSSEN
VI1380,NEF PACHECO,MARDI SIFUENTES,AMBER RASMUSSEN,skipped
VI1381,AMBER RASMUSSEN,MARDI SIFUENTES,KRISTAL C. PRICE,NEF PACHECO
VI1382,MARDI SIFUENTES,NEF PACHECO,AMBER RASMUSSEN,skipped
VI1383,MARDI SIFUENTES,NEF PACHECO,AMBER RASMUSSEN,skipped
VI1384,KRISTAL C. PRICE,MARDI SIFUENTES,AMBER RASMUSSEN,NEF PACHECO
VI1385,KRISTAL C. PRICE,MARDI SIFUENTES,AMBER RASMUSSEN,NEF PACHECO
VI1386,KRISTAL C. PRICE,MARDI SIFUENTES,NEF PACHECO,AMBER RASMUSSEN
VI1387,MARDI SIFUENTES,KRISTAL C. PRICE,AMBER RASMUSSEN,NEF PACHECO
VI1388,MARDI SIFUENTES,KRISTAL C. PRICE,AMBER RASMUSSEN,NEF PACHECO
VI1389,AMBER RASMUSSEN,MARDI SIFUENTES,NEF PACHECO,KRISTAL C. PRICE
VI1390,AMBER RASMUSSEN,MARDI SIFUENTES,NEF PACHECO,skipped
VI1391,AMBER RASMUSSEN,NEF PACHECO,MARDI SIFUENTES,skipped
VI1392,AMBER RASMUSSEN,MARDI SIFUENTES,NEF PACHECO,skipped
VI1393,KRISTAL C. PRICE,skipped,skipped,overvote
VI1394,MARDI SIFUENTES,NEF PACHECO,AMBER RASMUSSEN,KRISTAL C. PRICE
VI1395,KRISTAL C. PRICE,MARDI SIFUENTES,skipped,skipped
VI1396,MARDI SIFUENTES,AMBER RASMUSSEN,NEF PACHECO,skipped
VI1397,AMBER RASMUSSEN,MARDI SIFUENTES,NEF PACHECO,KRISTAL C. PRICE
VI1398,KRISTAL C. PRICE,MARDI SIFUENTES,AMBER RASMUSSEN,NEF PACHECO
VI1399,MARDI SIFUENTES,AMBER RASMUSSEN,NEF PACHECO,skipped
VI1400,MARDI SIFUENTES,NEF PACHECO,AMBER RASMUSSEN,skipped
VI1401,MARDI SIFUENTES,KRISTAL C. PRICE,NEF PACHECO,AMBER RASMUSSEN
VI1402,KRISTAL C. PRICE,MARDI SIFUENTES,NEF PACHECO,AMBER RASMUSSEN
VI1403,MARDI SIFUENTES,uwi,NEF PACHECO,AMBER RASMUSSEN
VI1404,KRISTAL C. PRICE,MARDI SIFUENTES,AMBER RASMUSSEN,NEF PACHECO
VI1405,MARDI SIFUENTES,NEF PACHECO,AMBER RASMUSSEN,skipped
VI1406,KRISTAL C. PRICE,MARDI SIFUENTES,AMBER RASMUSSEN,NEF PACHECO
VI1407,MARDI SIFUENTES,NEF PACHECO,AMBER RASMUSSEN,skipped
VI1408,MARDI SIFUENTES,KRISTAL C. PRICE,NEF PACHECO,AMBER RASMUSSEN
VI1409,MARDI SIFUENTES,NEF PACHECO,AMBER RASMUSSEN,KRISTAL C. PRICE
VI1410,KRISTAL C. PRICE,MARDI SIFUENTES,NEF PACHECO,AMBER RASMUSSEN
VI1411,KRISTAL C. PRICE,NEF PACHECO,AMBER RASMUSSEN,MARDI SIFUENTES
VI1412,MARDI SIFUENTES,NEF PACHECO,KRISTAL C. PRICE,AMBER RASMUSSEN
VI1413,KRISTAL C. PRICE,AMBER RASMUSSEN,skipped,skipped
VI1414,MARDI SIFUENTES,AMBER RASMUSSEN,NEF PACHECO,KRISTAL C. PRICE
VI1415,KRISTAL C. PRICE,AMBER RASMUSSEN,skipped,skipped
VI1416,MARDI SIFUENTES,AMBER RASMUSSEN,NEF PACHECO,KRISTAL C. PRICE
VI1417,uwi,AMBER RASMUSSEN,MARDI SIFUENTES,NEF PACHECO
VI1418,MARDI SIFUENTES,KRISTAL C. PRICE,NEF PACHECO,AMBER RASMUSSEN
VI1419,MARDI SIFUENTES,AMBER RASMUSSEN,NEF PACHECO,uwi
VI1420,AMBER RASMUSSEN,NEF PACHECO,MARDI SIFUENTES,skipped
VI1421,MARDI SIFUENTES,AMBER RASMUSSEN,KRISTAL C. PRICE,NEF PACHECO
VI1422,MARDI SIFUENTES,AMBER RASMUSSEN,KRISTAL C. PRICE,NEF PACHECO
VI1423,MARDI SIFUENTES,KRISTAL C. PRICE,NEF PACHECO,AMBER RASMUSSEN
VI1424,NEF PACHECO,KRISTAL C. PRICE,skipped,skipped
VI1425,MARDI SIFUENTES,skipped,skipped,skipped
VI1426,KRISTAL C. PRICE,MARDI SIFUENTES,NEF PACHECO,AMBER RASMUSSEN
VI1427,MARDI SIFUENTES,AMBER RASMUSSEN,NEF PACHECO,skipped
VI1428,NEF PACHECO,MARDI SIFUENTES,AMBER RASMUSSEN,skipped
VI1429,KRISTAL C. PRICE,AMBER RASMUSSEN,MARDI SIFUENTES,NEF PACHECO
VI1430,KRISTAL C. PRICE,MARDI SIFUENTES,AMBER RASMUSSEN,skipped
VI1431,MARDI SIFUENTES,skipped,skipped,skipped
VI1432,NEF PACHECO,AMBER RASMUSSEN,KRISTAL C. PRICE,MARDI SIFUENTES
VI1433,KRISTAL C. PRICE,MARDI SIFUENTES,NEF PACHECO,skipped
VI1434,MARDI SIFUENTES,KRISTAL C. PRICE,NEF PACHECO,AMBER RASMUSSEN
VI1435,MARDI SIFUENTES,skipped,skipped,skipped
VI1436,AMBER RASMUSSEN,MARDI SIFUENTES,NEF PACHECO,skipped
VI1437,AMBER RASMUSSEN,MARDI SIFUENTES,skipped,skipped
VI1438,MARDI SIFUENTES,NEF PACHECO,AMBER RASMUSSEN,skipped
VI1439,skipped,skipped,skipped,skipped
VI1440,MARDI SIFUENTES,KRISTAL C. PRICE,skipped,skipped
VI1441,MARDI SIFUENTES,AMBER RASMUSSEN,NEF PACHECO,skipped
VI1442,AMBER RASMUSSEN,NEF PACHECO,MARDI SIFUENTES,skipped
VI1443,MARDI SIFUENTES,AMBER RASMUSSEN,NEF PACHECO,skipped
VI1444,AMBER RASMUSSEN,MARDI SIFUENTES,NEF PACHECO,uwi
VI1445,MARDI SIFUENTES,skipped,skipped,skipped
VI1446,MARDI SIFUENTES,AMBER RASMUSSEN,NEF PACHECO,uwi
VI1447,KRISTAL C. PRICE,MARDI SIFUENTES,AMBER RASMUSSEN,NEF PACHECO
VI1448,skipped,skipped,skipped,skipped
VI1449,skipped,skipped,skipped,skipped
VI1450,MARDI SIFUENTES,KRISTAL C. PRICE,skipped,skipped
VI1451,AMBER RASMUSSEN,NEF PACHECO,KRISTAL C. PRICE,MARDI SIFUENTES
VI1452,MARDI SIFUENTES,KRISTAL C. PRICE,NEF PACHECO,AMBER RASMUSSEN
VI1453,MARDI SIFUENTES,AMBER RASMUSSEN,NEF PACHECO,KRISTAL C. PRICE
VI1454,MARDI SIFUENTES,AMBER RASMUSSEN,NEF PACHECO,skipped
VI1455,AMBER RASMUSSEN,uwi,MARDI SIFUENTES,NEF PACHECO
VI1456,AMBER RASMUSSEN,MARDI SIFUENTES,NEF PACHECO,skipped
VI1457,MARDI SIFUENTES,AMBER RASMUSSEN,uwi,NEF PACHECO
VI1458,KRISTAL C. PRICE,MARDI SIFUENTES,NEF PACHECO,skipped
VI1459,MARDI SIFUENTES,AMBER RASMUSSEN,uwi,NEF PACHECO
VI1460,MARDI SIFUENTES,AMBER RASMUSSEN,NEF PACHECO,skipped
VI1461,MARDI SIFUENTES,NEF PACHECO,KRISTAL C. PRICE,AMBER RASMUSSEN
VI1462,KRISTAL C. PRICE,MARDI SIFUENTES,NEF PACHECO,AMBER RASMUSSEN
VI1463,NEF PACHECO,AMBER RASMUSSEN,KRISTAL C. PRICE,MARDI SIFUENTES
VI1464,KRISTAL C. PRICE,AMBER RASMUSSEN,NEF PACHECO,MARDI SIFUENTES
VI1465,MARDI SIFUENTES,NEF PACHECO,KRISTAL C. PRICE,AMBER RASMUSSEN
VI1466,AMBER RASMUSSEN,uwi,MARDI SIFUENTES,NEF PACHECO
VI1467,KRISTAL C. PRICE,AMBER RASMUSSEN,MARDI SIFUENTES,NEF PACHECO
VI1468,KRISTAL C. PRICE,MARDI SIFUENTES,AMBER RASMUSSEN,NEF PACHECO
VI1469,MARDI SIFUENTES,AMBER RASMUSSEN,NEF PACHECO,uwi
VI1470,KRISTAL C. PRICE,AMBER RASMUSSEN,NEF PACHECO,MARDI SIFUENTES
VI1471,MARDI SIFUENTES,KRISTAL C. PRICE,NEF PACHECO,AMBER RASMUSSEN
VI1472,MARDI SIFUENTES,AMBER RASMUSSEN,NEF PACHECO,skipped
VI1473,MARDI SIFUENTES,AMBER RASMUSSEN,NEF PACHECO,KRISTAL C. PRICE
VI1474,MARDI SIFUENTES,KRISTAL C. PRICE,NEF PACHECO,AMBER RASMUSSEN
VI1475,KRISTAL C. PRICE,AMBER RASMUSSEN,NEF PACHECO,MARDI SIFUENTES
VI1476,MARDI SIFUENTES,AMBER RASMUSSEN,NEF PACHECO,KRISTAL C. PRICE
VI1477,KRISTAL C. PRICE,MARDI SIFUENTES,AMBER RASMUSSEN,NEF PACHECO
VI1478,MARDI SIFUENTES,AMBER RASMUSSEN,KRISTAL C. PRICE,NEF PACHECO
VI1479,NEF PACHECO,AMBER RASMUSSEN,KRISTAL C. PRICE,MARDI SIFUENTES
VI1480,AMBER RASMUSSEN,MARDI SIFUENTES,NEF PACHECO,skipped
VI1481,AMBER RASMUSSEN,skipped,skipped,skipped
VI1482,MARDI SIFUENTES,AMBER RASMUSSEN,NEF PACHECO,skipped
VI1483,KRISTAL C. PRICE,AMBER RASMUSSEN,skipped,skipped
VI1484,MARDI SIFUENTES,KRISTAL C. PRICE,NEF PACHECO,AMBER RASMUSSEN
VI1485,MARDI SIFUENTES,AMBER RASMUSSEN,NEF PACHECO,skipped
VI1486,MARDI SIFUENTES,NEF PACHECO,AMBER RASMUSSEN,skipped
VI1487,KRISTAL C. PRICE,MARDI SIFUENTES,AMBER RASMUSSEN,NEF PACHECO
VI1488,NEF PACHECO,AMBER RASMUSSEN,MARDI SIFUENTES,uwi
VI1489,KRISTAL C. PRICE,MARDI SIFUENTES,NEF PACHECO,KRISTAL C. PRICE
VI1490,MARDI SIFUENTES,NEF PACHECO,AMBER RASMUSSEN,skipped
VI1491,NEF PACHECO,MARDI SIFUENTES,AMBER RASMUSSEN,skipped
VI1492,KRISTAL C. PRICE,MARDI SIFUENTES,NEF PACHECO,AMBER RASMUSSEN
VI1493,MARDI SIFUENTES,KRISTAL C. PRICE,AMBER RASMUSSEN,NEF PACHECO
VI1494,AMBER RASMUSSEN,NEF PACHECO,MARDI SIFUENTES,skipped
VI1495,KRISTAL C. PRICE,MARDI SIFUENTES,NEF PACHECO,AMBER RASMUSSEN
VI1496,MARDI SIFUENTES,uwi,NEF PACHECO,AMBER RASMUSSEN
VI1497,KRISTAL C. PRICE,AMBER RASMUSSEN,skipped,skipped
VI1498,MARDI SIFUENTES,KRISTAL C. PRICE,AMBER RASMUSSEN,NEF PACHECO
VI1499,MARDI SIFUENTES,KRISTAL C. PRICE,AMBER RASMUSSEN,NEF PACHECO
VI1500,MARDI SIFUENTES,KRISTAL C. PRICE,NEF PACHECO,AMBER RASMUSSEN
VI1501,MARDI SIFUENTES,KRISTAL C. PRICE,AMBER RASMUSSEN,NEF PACHECO
VI1502,MARDI SIFUENTES,NEF PACHECO,KRISTAL C. PRICE,AMBER RASMUSSEN
VI1503,MARDI SIFUENTES,AMBER RASMUSSEN,KRISTAL C. PRICE,skipped
VI1504,skipped,AMBER RASMUSSEN,skipped,NEF PACHECO
VI1505,MARDI SIFUENTES,KRISTAL C. PRICE,AMBER RASMUSSEN,NEF PACHECO
VI1506,MARDI SIFUENTES,KRISTAL C. PRICE,AMBER RASMUSSEN,NEF PACHECO
VI1507,MARDI SIFUENTES,KRISTAL C. PRICE,AMBER RASMUSSEN,NEF PACHECO
VI1508,KRISTAL C. PRICE,MARDI SIFUENTES,NEF PACHECO,AMBER RASMUSSEN
VI1509,AMBER RASMUSSEN,MARDI SIFUENTES,NEF PACHECO,skipped
VI1510,KRISTAL C. PRICE,AMBER RASMUSSEN,MARDI SIFUENTES,skipped
VI1511,MARDI SIFUENTES,AMBER RASMUSSEN,NEF PACHECO,uwi
VI1512,MARDI SIFUENTES,skipped,skipped,skipped
VI1513,MARDI SIFUENTES,AMBER RASMUSSEN,NEF PACHECO,uwi
VI1514,MARDI SIFUENTES,skipped,skipped,skipped
VI1515,AMBER RASMUSSEN,NEF PACHECO,MARDI SIFUENTES,skipped
VI1516,MARDI SIFUENTES,AMBER RASMUSSEN,skipped,skipped
VI1517,KRISTAL C. PRICE,AMBER RASMUSSEN,MARDI SIFUENTES,NEF PACHECO
VI1518,AMBER RASMUSSEN,MARDI SIFUENTES,KRISTAL C. PRICE,NEF PACHECO
VI1519,KRISTAL C. PRICE,skipped,skipped,skipped
VI1520,AMBER RASMUSSEN,skipped,skipped,skipped
VI1521,NEF PACHECO,MARDI SIFUENTES,AMBER RASMUSSEN,skipped
VI1522,KRISTAL C. PRICE,AMBER RASMUSSEN,MARDI SIFUENTES,NEF PACHECO
VI1523,KRISTAL C. PRICE,MARDI SIFUENTES,AMBER RASMUSSEN,NEF PACHECO
VI1524,KRISTAL C. PRICE,MARDI SIFUENTES,AMBER RASMUSSEN,NEF PACHECO
VI1525,KRISTAL C. PRICE,MARDI SIFUENTES,NEF PACHECO,AMBER RASMUSSEN
VI1526,NEF PACHECO,AMBER RASMUSSEN,MARDI SIFUENTES,uwi
VI1527,NEF PACHECO,AMBER RASMUSSEN,uwi,MARDI SIFUENTES
VI1528,AMBER RASMUSSEN,KRISTAL C. PRICE,MARDI SIFUENTES,NEF PACHECO
VI1529,KRISTAL C. PRICE,AMBER RASMUSSEN,MARDI SIFUENTES,NEF PACHECO
VI1530,KRISTAL C. PRICE,MARDI SIFUENTES,skipped,skipped
VI1531,MARDI SIFUENTES,KRISTAL C. PRICE,AMBER RASMUSSEN,NEF PACHECO
VI1532,AMBER RASMUSSEN,MARDI SIFUENTES,NEF PACHECO,skipped
VI1533,MARDI SIFUENTES,KRISTAL C. PRICE,NEF PACHECO,AMBER RASMUSSEN
VI1534,KRISTAL C. PRICE,NEF PACHECO,AMBER RASMUSSEN,MARDI SIFUENTES
VI1535,KRISTAL C. PRICE,MARDI SIFUENTES,AMBER RASMUSSEN,NEF PACHECO
VI1536,MARDI SIFUENTES,AMBER RASMUSSEN,NEF PACHECO,skipped
VI1537,MARDI SIFUENTES,AMBER RASMUSSEN,skipped,NEF PACHECO
VI1538,MARDI SIFUENTES,skipped,skipped,skipped
VI1539,KRISTAL C. PRICE,MARDI SIFUENTES,AMBER RASMUSSEN,NEF PACHECO
VI1540,AMBER RASMUSSEN,NEF PACHECO,MARDI SIFUENTES,skipped
