main_dir_path,sub_dir_path,filename,race_id,score
team_arrow/rcv_elections_database,single,Kansas_05022020_PRESIDENTOFTHEUNITEDSTATES.csv,,61
team_arrow/rcv_elections_database,single,Alaska_04102020_PRESIDENTOFTHEUNITEDSTATES.csv,,63
team_arrow/rcv_elections_database,single,Hawaii_05232020_PresidentoftheUnitedStateCD1CD2.csv,,63
team_arrow/rcv_elections_database,single,Wyoming_04172020_PRESIDENTOFTHEUNITEDSTATES.csv,,63
team_arrow/rcv_elections_database,single,Albany_11082022_BoardofEducation.csv,,64
team_arrow/rcv_elections_database,single,Hawaii_05232020_PresidentoftheUnitedStateCD1.csv,,65
team_arrow/rcv_elections_database,single,Hawaii_05232020_PresidentoftheUnitedStateCD2.csv,,65
team_arrow/rcv_elections_database,single,Portland_06082021_charter_commission_at_large.csv,,67
team_arrow/rcv_elections_database,single,Vineyard_11052019_CityCouncil.csv,,74
team_arrow/rcv_elections_database,single,Albany_11082022_FAKECityCouncil.csv,,75
team_arrow/rcv_elections_database,proportional,Minneapolis 2013-board of estimation and taxation cvr.csv,Minneapolis_11052013_BoardofEstimateandTaxation_tab1,76
team_arrow/rcv_elections_database,single,Payson_11052019_CityCouncil.csv,,78
team_arrow/rcv_elections_database,sequential,Portland_06142022_Schoolboarddistrict5.csv,,81
team_arrow/rcv_elections_database,single,Albany_11082022_CityCouncil.csv,,84
team_arrow/rcv_elections_database,single,Minneapolis_11022021_ParkBoardAtLarge.csv,,84
team_arrow/rcv_elections_database,single,Portland_06142022_SchoolboardAL-1.csv,,84
team_arrow/rcv_elections_database,sequential,Portland_06142022_SchoolboardAL.csv,,86
team_arrow/rcv_elections_database,single,Portland_06142022_SchoolboardAL.csv,,87
team_arrow/rcv_elections_database,single,Berkeley_11062012_Mayor.csv,Berkeley_11062012_Mayor_tab1,90
team_arrow/rcv_elections_database,single,Berkeley_11082016_Mayor.csv,Berkeley_11082016_Mayor_tab1,90
team_arrow/rcv_elections_database,single,Easthampton_11022021_Mayor.csv,Easthampton_11022021_Mayor_tab_1,90
team_arrow/rcv_elections_database,single,Eastpointe_11052019_CityCouncil.csv,Eastpointe_11032020_CityCouncil,90
team_arrow/rcv_elections_database,single,Oakland_11022010_Mayor.csv,Oakland_11022010_Mayor_tab1,90
team_arrow/rcv_elections_database,single,Oakland_11042014_Mayor.csv,Oakland_11042014_Mayor_tab1,90
team_arrow/rcv_elections_database,single,Oakland_11062018_Mayor.csv,Oakland_11062018_Mayor_tab1,90
team_arrow/rcv_elections_database,single,SantaFe_03062018_Mayor.csv,SantaFe_03062018_Mayor_tab1,90
team_arrow/rcv_elections_database,single,Burlington_03032009_Mayor.csv,Burlington_03032009_Mayor_tab1,91
team_arrow/rcv_elections_database,single,Burlington_03072006_Mayor.csv,Burlington_03072006_Mayor_tab1,91
team_arrow/rcv_elections_database,single,Minneapolis_11062009_Mayor.csv,Minneapolis_11062009_Mayor_tab1,91
team_arrow/rcv_elections_database,single,SanLeandro_11022010_Mayor.csv,SanLeandro_11022010_Mayor_tab1,91
team_arrow/rcv_elections_database,single,SanLeandro_11042014_Mayor.csv,SanLeandro_11042014_Mayor_tab1,91
team_arrow/rcv_elections_database,single,SanLeandro_11062018_Mayor.csv,SanLeandro_11062018_Mayor_tab1,91
team_arrow/rcv_elections_database,proportional,Cambridge_11032009_CityCouncil.csv,Cambridge_11032009_CityCouncil_tab1,92
team_arrow/rcv_elections_database,proportional,Cambridge_11032015_CityCouncil.csv,Cambridge_11032015_CityCouncil_tab1,92
team_arrow/rcv_elections_database,proportional,Cambridge_11042003_CityCouncil.csv,Cambridge_11042003_CityCouncil_tab1,92
team_arrow/rcv_elections_database,proportional,Cambridge_11052013_CityCouncil.csv,Cambridge_11052013_CityCouncil_tab1,92
team_arrow/rcv_elections_database,proportional,Cambridge_11062001_CityCouncil.csv,Cambridge_11062001_CityCouncil_tab1,92
team_arrow/rcv_elections_database,proportional,Cambridge_11062007_CityCouncil.csv,Cambridge_11062007_CityCouncil_tab1,92
team_arrow/rcv_elections_database,proportional,Cambridge_11072017_CityCouncil.csv,Cambridge_11072017_CityCouncil_tab1,92
team_arrow/rcv_elections_database,proportional,Cambridge_11082005_CityCouncil.csv,Cambridge_11082005_CityCouncil_tab1,92
team_arrow/rcv_elections_database,proportional,Cambridge_11082011_CityCouncil.csv,Cambridge_11082011_CityCouncil_tab1,92
team_arrow/rcv_elections_database,proportional,Cambridge_11152019_CityCouncil.csv,Cambridge_11152019_CityCouncil_tab1,92
team_arrow/rcv_elections_database,single,Berkeley_11022010_CityAuditor.csv,Berkeley_11022010_CityAuditor_tab1,92
team_arrow/rcv_elections_database,single,Berkeley_11042014_CityAuditor.csv,Berkeley_11042014_CityAuditor_tab1,92
team_arrow/rcv_elections_database,single,Berkeley_11062018_CityAuditor.csv,Berkeley_11062018_CityAuditor_tab1,92
team_arrow/rcv_elections_database,single,Minneapolis_11052013_Mayor.csv,Minneapolis_11022021_Mayor,92
team_arrow/rcv_elections_database,single,Minneapolis_11072017_Mayor.csv,Minneapolis_11022021_Mayor,92
team_arrow/rcv_elections_database,single,Oakland_11022010_CityAuditor.csv,Oakland_11022010_CityAuditor_tab1,92
team_arrow/rcv_elections_database,single,Oakland_11042014_CityAuditor.csv,Oakland_11042014_CityAuditor_tab1,92
team_arrow/rcv_elections_database,single,Oakland_11062012_CityAttorney.csv,Oakland_11062012_CityAttorney_tab1,92
team_arrow/rcv_elections_database,single,Oakland_11062018_CityAuditor.csv,Oakland_11062018_CityAuditor_tab1,92
team_arrow/rcv_elections_database,single,Oakland_11082016_CityAttorney.csv,Oakland_11082016_CityAttorney_tab1,92
team_arrow/rcv_elections_database,single,Oakland_11082016_CouncilAtLrg.csv,Oakland_11082016_CouncilAtLrg_tab1,92
team_arrow/rcv_elections_database,single,SanFrancisco_06052018_Mayor.csv,SanFrancisco_06052018_Mayor_tab1,92
team_arrow/rcv_elections_database,single,SanFrancisco_11032015_Mayor.csv,SanFrancisco_11032015_Mayor_tab1,92
team_arrow/rcv_elections_database,single,SanFrancisco_11032015_Sheriff.csv,SanFrancisco_11032015_Sheriff_tab1,92
team_arrow/rcv_elections_database,single,SanFrancisco_11052019_Mayor.csv,SanFrancisco_11052019_Mayor_tab1,92
team_arrow/rcv_elections_database,single,SanFrancisco_11052019_Sheriff.csv,SanFrancisco_11052019_Sheriff_tab1,92
team_arrow/rcv_elections_database,single,SanFrancisco_11062007_Mayor.csv,SanFrancisco_11062007_Mayor_tab1,92
team_arrow/rcv_elections_database,single,SanFrancisco_11082011_Mayor.csv,SanFrancisco_11082011_Mayor_tab1,92
team_arrow/rcv_elections_database,single,SanFrancisco_11082011_Sheriff.csv,SanFrancisco_11082011_Sheriff_tab1,92
team_arrow/rcv_elections_database,proportional,Cambridge_11032015_SchoolCommittee.csv,Cambridge_11032015_SchoolCommittee_tab1,93
team_arrow/rcv_elections_database,proportional,Cambridge_11042003_SchoolCommittee.csv,Cambridge_11042003_SchoolCommittee_tab1,93
team_arrow/rcv_elections_database,proportional,Cambridge_11052013_SchoolCommittee.csv,Cambridge_11052013_SchoolCommittee_tab1,93
team_arrow/rcv_elections_database,proportional,Cambridge_11062007_SchoolCommittee.csv,Cambridge_11062007_SchoolCommittee_tab1,93
team_arrow/rcv_elections_database,proportional,Cambridge_11072017_SchoolCommittee.csv,Cambridge_11072017_SchoolCommittee_tab1,93
team_arrow/rcv_elections_database,proportional,Cambridge_11082005_SchoolCommittee.csv,Cambridge_11082005_SchoolCommittee_tab1,93
team_arrow/rcv_elections_database,proportional,Cambridge_11082011_SchoolCommittee.csv,Cambridge_11082011_SchoolCommittee_tab1,93
team_arrow/rcv_elections_database,proportional,Cambridge_11152019_SchoolCommittee.csv,Cambridge_11152019_SchoolCommittee_tab1,93
team_arrow/rcv_elections_database,single,Berkeley_11032020_MayorBerkeleyRCV.csv,Berkeley_11032020_MayorBerkeleyRCV_tab1,93
team_arrow/rcv_elections_database,single,Oakland_11062012_CityCouncilAtLarge.csv,Oakland_11062012_CityCouncilAtLarge_tab1,93
team_arrow/rcv_elections_database,single,PierceCounty_11032009_CountyAuditor.csv,PierceCounty_11032009_CountyAuditor_tab1,93
team_arrow/rcv_elections_database,proportional,Eastpointe_11052019_CityCouncil.csv,Eastpointe_11022021_CityCouncil,94
team_arrow/rcv_elections_database,proportional,Minneapolis_11052013_ParkRecBoardAtLarge.csv,Minneapolis_11052013_ParkRecBoardAtLarge_tab1,94
team_arrow/rcv_elections_database,single,Berkeley_03072017_CityCouncilDistrict4.csv,Berkeley_03072017_CityCouncilDistrict4_tab1,94
team_arrow/rcv_elections_database,single,Berkeley_11022010_CityCouncilDistrict1.csv,Berkeley_11022010_CityCouncilDistrict1_tab1,94
team_arrow/rcv_elections_database,single,Berkeley_11022010_CityCouncilDistrict7.csv,Berkeley_11022010_CityCouncilDistrict7_tab1,94
team_arrow/rcv_elections_database,single,Berkeley_11022010_CityCouncilDistrict8.csv,Berkeley_11022010_CityCouncilDistrict8_tab1,94
team_arrow/rcv_elections_database,single,Berkeley_11062012_CityCouncilDistrict2.csv,Berkeley_11062012_CityCouncilDistrict2_tab1,94
team_arrow/rcv_elections_database,single,Berkeley_11062012_CityCouncilDistrict3.csv,Berkeley_11062012_CityCouncilDistrict3_tab1,94
team_arrow/rcv_elections_database,single,Berkeley_11062012_CityCouncilDistrict5.csv,Berkeley_11062012_CityCouncilDistrict5_tab1,94
team_arrow/rcv_elections_database,single,Berkeley_11062012_CityCouncilDistrict6.csv,Berkeley_11062012_CityCouncilDistrict6_tab1,94
team_arrow/rcv_elections_database,single,Berkeley_11062018_CityCouncilDistrict1.csv,Berkeley_11062018_CityCouncilDistrict1_tab1,94
team_arrow/rcv_elections_database,single,Berkeley_11062018_CityCouncilDistrict7.csv,Berkeley_11062018_CityCouncilDistrict7_tab1,94
team_arrow/rcv_elections_database,single,Berkeley_11062018_CityCouncilDistrict8.csv,Berkeley_11062018_CityCouncilDistrict8_tab1,94
team_arrow/rcv_elections_database,single,Berkeley_11082016_CityCouncilDistrict2.csv,Berkeley_11082016_CityCouncilDistrict2_tab1,94
team_arrow/rcv_elections_database,single,Berkeley_11082016_CityCouncilDistrict3.csv,Berkeley_11082016_CityCouncilDistrict3_tab1,94
team_arrow/rcv_elections_database,single,Berkeley_11082016_CityCouncilDistrict5.csv,Berkeley_11082016_CityCouncilDistrict5_tab1,94
team_arrow/rcv_elections_database,single,Berkeley_11082016_CityCouncilDistrict6.csv,Berkeley_11082016_CityCouncilDistrict6_tab1,94
team_arrow/rcv_elections_database,single,LasCruces_11052019_MAYORCITYOFLASCRUCES.csv,LasCruces_11052019_MAYORCITYOFLASCRUCES_tab1,94
team_arrow/rcv_elections_database,single,Maine_06122018_DemocraticPrimaryforCD2.csv,Maine_06122018_DemocraticPrimaryforCD2_tab1,94
team_arrow/rcv_elections_database,single,Maine_11062018_CongressionalDistrict2.csv,Maine_11062018_CongressionalDistrict2_tab1,94
team_arrow/rcv_elections_database,single,Minneapolis_11052013_PRBoardDistrict2.csv,Minneapolis_11052013_ParksBoardDistrict1,94
team_arrow/rcv_elections_database,single,Minneapolis_11052013_PRBoardDistrict6.csv,Minneapolis_11052013_ParksBoardDistrict1,94
team_arrow/rcv_elections_database,single,Minneapolis_11052013_Ward13CityCouncil.csv,Minneapolis_11052013_Ward13CityCouncil_tab1,94
team_arrow/rcv_elections_database,single,Minneapolis_11052013_Ward5CityCouncil.csv,Minneapolis_11052013_Ward5CityCouncil_tab1,94
team_arrow/rcv_elections_database,single,Minneapolis_11052013_Ward9CityCouncil.csv,Minneapolis_11052013_Ward9CityCouncil_tab1,94
team_arrow/rcv_elections_database,single,Minneapolis_11062009_PRBoardDistrict1.csv,Minneapolis_11062009_PRBoardDistrict1_tab1,94
team_arrow/rcv_elections_database,single,Minneapolis_11062009_PRBoardDistrict2.csv,Minneapolis_11062009_PRBoardDistrict2_tab1,94
team_arrow/rcv_elections_database,single,Minneapolis_11062009_PRBoardDistrict3.csv,Minneapolis_11062009_PRBoardDistrict3_tab1,94
team_arrow/rcv_elections_database,single,Minneapolis_11062009_PRBoardDistrict4.csv,Minneapolis_11062009_PRBoardDistrict4_tab1,94
team_arrow/rcv_elections_database,single,Minneapolis_11062009_PRBoardDistrict5.csv,Minneapolis_11062009_PRBoardDistrict5_tab1,94
team_arrow/rcv_elections_database,single,Minneapolis_11062009_PRBoardDistrict6.csv,Minneapolis_11062009_PRBoardDistrict6_tab1,94
team_arrow/rcv_elections_database,single,Minneapolis_11062009_Ward10CityCouncil.csv,Minneapolis_11062009_Ward10CityCouncil_tab1,94
team_arrow/rcv_elections_database,single,Minneapolis_11062009_Ward11CityCouncil.csv,Minneapolis_11062009_Ward11CityCouncil_tab1,94
team_arrow/rcv_elections_database,single,Minneapolis_11062009_Ward12CityCouncil.csv,Minneapolis_11062009_Ward12CityCouncil_tab1,94
team_arrow/rcv_elections_database,single,Minneapolis_11062009_Ward13CityCouncil.csv,Minneapolis_11062009_Ward13CityCouncil_tab1,94
team_arrow/rcv_elections_database,single,Minneapolis_11062009_Ward1CityCouncil.csv,Minneapolis_11062009_Ward1CityCouncil_tab1,94
team_arrow/rcv_elections_database,single,Minneapolis_11062009_Ward2CityCouncil.csv,Minneapolis_11062009_Ward2CityCouncil_tab1,94
team_arrow/rcv_elections_database,single,Minneapolis_11062009_Ward3CityCouncil.csv,Minneapolis_11062009_Ward3CityCouncil_tab1,94
team_arrow/rcv_elections_database,single,Minneapolis_11062009_Ward4CityCouncil.csv,Minneapolis_11062009_Ward4CityCouncil_tab1,94
team_arrow/rcv_elections_database,single,Minneapolis_11062009_Ward5CityCouncil.csv,Minneapolis_11062009_Ward5CityCouncil_tab1,94
team_arrow/rcv_elections_database,single,Minneapolis_11062009_Ward6CityCouncil.csv,Minneapolis_11062009_Ward6CityCouncil_tab1,94
team_arrow/rcv_elections_database,single,Minneapolis_11062009_Ward7CityCouncil.csv,Minneapolis_11062009_Ward7CityCouncil_tab1,94
team_arrow/rcv_elections_database,single,Minneapolis_11062009_Ward8CityCouncil.csv,Minneapolis_11062009_Ward8CityCouncil_tab1,94
team_arrow/rcv_elections_database,single,Minneapolis_11062009_Ward9CityCouncil.csv,Minneapolis_11062009_Ward9CityCouncil_tab1,94
team_arrow/rcv_elections_database,single,Minneapolis_11072017_PRBoardDistrict1.csv,Minneapolis_11072017_PRBoardDistrict1_tab1,94
team_arrow/rcv_elections_database,single,Minneapolis_11072017_PRBoardDistrict2.csv,Minneapolis_11072017_PRBoardDistrict2_tab1,94
team_arrow/rcv_elections_database,single,Minneapolis_11072017_PRBoardDistrict3.csv,Minneapolis_11072017_PRBoardDistrict3_tab1,94
team_arrow/rcv_elections_database,single,Minneapolis_11072017_PRBoardDistrict4.csv,Minneapolis_11072017_PRBoardDistrict4_tab1,94
team_arrow/rcv_elections_database,single,Minneapolis_11072017_PRBoardDistrict5.csv,Minneapolis_11072017_PRBoardDistrict5_tab1,94
team_arrow/rcv_elections_database,single,Minneapolis_11072017_PRBoardDistrict6.csv,Minneapolis_11072017_PRBoardDistrict6_tab1,94
team_arrow/rcv_elections_database,single,Minneapolis_11072017_Ward10CityCouncil.csv,Minneapolis_11072017_Ward10CityCouncil_tab1,94
team_arrow/rcv_elections_database,single,Minneapolis_11072017_Ward11CityCouncil.csv,Minneapolis_11072017_Ward11CityCouncil_tab1,94
team_arrow/rcv_elections_database,single,Minneapolis_11072017_Ward12CityCouncil.csv,Minneapolis_11072017_Ward12CityCouncil_tab1,94
team_arrow/rcv_elections_database,single,Minneapolis_11072017_Ward13CityCouncil.csv,Minneapolis_11072017_Ward13CityCouncil_tab1,94
team_arrow/rcv_elections_database,single,Minneapolis_11072017_Ward1CityCouncil.csv,Minneapolis_11072017_Ward1CityCouncil_tab1,94
team_arrow/rcv_elections_database,single,Minneapolis_11072017_Ward2CityCouncil.csv,Minneapolis_11072017_Ward2CityCouncil_tab1,94
team_arrow/rcv_elections_database,single,Minneapolis_11072017_Ward3CityCouncil.csv,Minneapolis_11072017_Ward3CityCouncil_tab1,94
team_arrow/rcv_elections_database,single,Minneapolis_11072017_Ward4CityCouncil.csv,Minneapolis_11072017_Ward4CityCouncil_tab1,94
team_arrow/rcv_elections_database,single,Minneapolis_11072017_Ward5CityCouncil.csv,Minneapolis_11072017_Ward5CityCouncil_tab1,94
team_arrow/rcv_elections_database,single,Minneapolis_11072017_Ward6CityCouncil.csv,Minneapolis_11072017_Ward6CityCouncil_tab1,94
team_arrow/rcv_elections_database,single,Minneapolis_11072017_Ward7CityCouncil.csv,Minneapolis_11072017_Ward7CityCouncil_tab1,94
team_arrow/rcv_elections_database,single,Minneapolis_11072017_Ward8CityCouncil.csv,Minneapolis_11072017_Ward8CityCouncil_tab1,94
team_arrow/rcv_elections_database,single,Minneapolis_11072017_Ward9CityCouncil.csv,Minneapolis_11072017_Ward9CityCouncil_tab1,94
team_arrow/rcv_elections_database,single,Oakland_11022010_CityCouncilDistrict2.csv,Oakland_11022010_CityCouncilDistrict2_tab1,94
team_arrow/rcv_elections_database,single,Oakland_11022010_CityCouncilDistrict4.csv,Oakland_11022010_CityCouncilDistrict4_tab1,94
team_arrow/rcv_elections_database,single,Oakland_11022010_CityCouncilDistrict6.csv,Oakland_11022010_CityCouncilDistrict6_tab1,94
team_arrow/rcv_elections_database,single,Oakland_11022010_SchoolDirectorDistrict2.csv,Oakland_11022010_SchoolDirectorDistrict2_tab1,94
team_arrow/rcv_elections_database,single,Oakland_11022010_SchoolDirectorDistrict4.csv,Oakland_11022010_SchoolDirectorDistrict4_tab1,94
team_arrow/rcv_elections_database,single,Oakland_11022010_SchoolDirectorDistrict6.csv,Oakland_11022010_SchoolDirectorDistrict6_tab1,94
team_arrow/rcv_elections_database,single,Oakland_11032020_CityAttorneyOaklandRCV.csv,Oakland_11032020_CityAttorneyOaklandRCV_tab1,94
team_arrow/rcv_elections_database,single,Oakland_11042014_CityCouncilDistrict2.csv,Oakland_11042014_CityCouncilDistrict2_tab1,94
team_arrow/rcv_elections_database,single,Oakland_11042014_CityCouncilDistrict4.csv,Oakland_11042014_CityCouncilDistrict4_tab1,94
team_arrow/rcv_elections_database,single,Oakland_11042014_CityCouncilDistrict6.csv,Oakland_11042014_CityCouncilDistrict6_tab1,94
team_arrow/rcv_elections_database,single,Oakland_11042014_SchoolDirectorDistrict2.csv,Oakland_11042014_SchoolDirectorDistrict2_tab1,94
team_arrow/rcv_elections_database,single,Oakland_11042014_SchoolDirectorDistrict4.csv,Oakland_11042014_SchoolDirectorDistrict4_tab1,94
team_arrow/rcv_elections_database,single,Oakland_11042014_SchoolDirectorDistrict6.csv,Oakland_11042014_SchoolDirectorDistrict6_tab1,94
team_arrow/rcv_elections_database,single,Oakland_11062012_CityCouncilDistrict1.csv,Oakland_11062012_CityCouncilDistrict1_tab1,94
team_arrow/rcv_elections_database,single,Oakland_11062012_CityCouncilDistrict3.csv,Oakland_11062012_CityCouncilDistrict3_tab1,94
team_arrow/rcv_elections_database,single,Oakland_11062012_CityCouncilDistrict5.csv,Oakland_11062012_CityCouncilDistrict5_tab1,94
team_arrow/rcv_elections_database,single,Oakland_11062012_CityCouncilDistrict7.csv,Oakland_11062012_CityCouncilDistrict7_tab1,94
team_arrow/rcv_elections_database,single,Oakland_11062012_SchoolDirectorDistrict1.csv,Oakland_11062012_SchoolDirectorDistrict1_tab1,94
team_arrow/rcv_elections_database,single,Oakland_11062012_SchoolDirectorDistrict3.csv,Oakland_11062012_SchoolDirectorDistrict3_tab1,94
team_arrow/rcv_elections_database,single,Oakland_11062012_SchoolDirectorDistrict5.csv,Oakland_11062012_SchoolDirectorDistrict5_tab1,94
team_arrow/rcv_elections_database,single,Oakland_11062012_SchoolDirectorDistrict7.csv,Oakland_11062012_SchoolDirectorDistrict7_tab1,94
team_arrow/rcv_elections_database,single,Oakland_11062018_CityCouncilDistrict2.csv,Oakland_11062018_CityCouncilDistrict2_tab1,94
team_arrow/rcv_elections_database,single,Oakland_11062018_CityCouncilDistrict4.csv,Oakland_11062018_CityCouncilDistrict4_tab1,94
team_arrow/rcv_elections_database,single,Oakland_11062018_CityCouncilDistrict6.csv,Oakland_11062018_CityCouncilDistrict6_tab1,94
team_arrow/rcv_elections_database,single,Oakland_11062018_SchoolDirectorDistrict2.csv,Oakland_11062018_SchoolDirectorDistrict2_tab1,94
team_arrow/rcv_elections_database,single,Oakland_11062018_SchoolDirectorDistrict4.csv,Oakland_11062018_SchoolDirectorDistrict4_tab1,94
team_arrow/rcv_elections_database,single,Oakland_11062018_SchoolDirectorDistrict6.csv,Oakland_11062018_SchoolDirectorDistrict6_tab1,94
team_arrow/rcv_elections_database,single,Oakland_11082016_CityCouncilDistrict1.csv,Oakland_11082016_CityCouncilDistrict1_tab1,94
team_arrow/rcv_elections_database,single,Oakland_11082016_CityCouncilDistrict3.csv,Oakland_11082016_CityCouncilDistrict3_tab1,94
team_arrow/rcv_elections_database,single,Oakland_11082016_CityCouncilDistrict5.csv,Oakland_11082016_CityCouncilDistrict5_tab1,94
team_arrow/rcv_elections_database,single,Oakland_11082016_CityCouncilDistrict7.csv,Oakland_11082016_CityCouncilDistrict7_tab1,94
team_arrow/rcv_elections_database,single,Oakland_11082016_SchoolDirectorDistrict1.csv,Oakland_11082016_SchoolDirectorDistrict1_tab1,94
team_arrow/rcv_elections_database,single,Oakland_11082016_SchoolDirectorDistrict3.csv,Oakland_11082016_SchoolDirectorDistrict3_tab1,94
team_arrow/rcv_elections_database,single,Oakland_11082016_SchoolDirectorDistrict5.csv,Oakland_11082016_SchoolDirectorDistrict5_tab1,94
team_arrow/rcv_elections_database,single,Oakland_11082016_SchoolDirectorDistrict7.csv,Oakland_11082016_SchoolDirectorDistrict7_tab1,94
team_arrow/rcv_elections_database,single,SanFrancisco_11052019_PublicDefender.csv,SanFrancisco_11052019_PublicDefender_tab1,94
team_arrow/rcv_elections_database,single,SanFrancisco_11062018_PublicDefender.csv,SanFrancisco_11062018_PublicDefender_tab1,94
team_arrow/rcv_elections_database,single,SanFrancisco_11082005_Treasurer.csv,SanFrancisco_11032015_Treasurer,94
team_arrow/rcv_elections_database,single,SanLeandro_11022010_CountyCouncilDistrict1.csv,SanLeandro_11022010_CountyCouncilDistrict1_tab1,94
team_arrow/rcv_elections_database,single,SanLeandro_11022010_CountyCouncilDistrict3.csv,SanLeandro_11022010_CountyCouncilDistrict3_tab1,94
team_arrow/rcv_elections_database,single,SanLeandro_11022010_CountyCouncilDistrict5.csv,SanLeandro_11022010_CountyCouncilDistrict5_tab1,94
team_arrow/rcv_elections_database,single,SanLeandro_11042014_CountyCouncilDistrict1.csv,SanLeandro_11042014_CountyCouncilDistrict1_tab1,94
team_arrow/rcv_elections_database,single,SanLeandro_11042014_CountyCouncilDistrict3.csv,SanLeandro_11042014_CountyCouncilDistrict3_tab1,94
team_arrow/rcv_elections_database,single,SanLeandro_11042014_CountyCouncilDistrict5.csv,SanLeandro_11042014_CountyCouncilDistrict5_tab1,94
team_arrow/rcv_elections_database,single,SanLeandro_11062012_CountyCouncilDistrict2.csv,SanLeandro_11062012_CountyCouncilDistrict2_tab1,94
team_arrow/rcv_elections_database,single,SanLeandro_11062012_CountyCouncilDistrict4.csv,SanLeandro_11062012_CountyCouncilDistrict4_tab1,94
team_arrow/rcv_elections_database,single,SanLeandro_11062012_CountyCouncilDistrict6.csv,SanLeandro_11062012_CountyCouncilDistrict6_tab1,94
team_arrow/rcv_elections_database,single,SanLeandro_11062018_CountyCouncilDistrict1.csv,SanLeandro_11062018_CountyCouncilDistrict1_tab1,94
team_arrow/rcv_elections_database,single,SanLeandro_11062018_CountyCouncilDistrict3.csv,SanLeandro_11062018_CountyCouncilDistrict3_tab1,94
team_arrow/rcv_elections_database,single,SanLeandro_11062018_CountyCouncilDistrict5.csv,SanLeandro_11062018_CountyCouncilDistrict5_tab1,94
team_arrow/rcv_elections_database,single,SanLeandro_11082016_CountyCouncilDistrict2.csv,SanLeandro_11082016_CountyCouncilDistrict2_tab1,94
team_arrow/rcv_elections_database,single,SanLeandro_11082016_CountyCouncilDistrict4.csv,SanLeandro_11082016_CountyCouncilDistrict4_tab1,94
team_arrow/rcv_elections_database,single,SanLeandro_11082016_CountyCouncilDistrict6.csv,SanLeandro_11082016_CountyCouncilDistrict6_tab1,94
team_arrow/rcv_elections_database,proportional,Minneapolis_11062009_BoardofEstimateandTaxation.csv,Minneapolis_11062009_BoardofEstimateandTaxation_tab1,95
team_arrow/rcv_elections_database,proportional,Minneapolis_11062009_MinneapolisParkRecBoard.csv,Minneapolis_11062009_MinneapolisParkRecBoard_tab1,95
team_arrow/rcv_elections_database,proportional,Minneapolis_11072017_BoardofEstimateandTaxation.csv,Minneapolis_11072017_BoardofEstimateandTaxation_tab1,95
team_arrow/rcv_elections_database,proportional,Minneapolis_11072017_ParkBoardAtLarge.csv,Minneapolis_11022021_ParkBoardAtLarge,95
team_arrow/rcv_elections_database,single,Berkeley_11022010_CityCouncilDistrict4.csv,Berkeley_11042014_CityCouncilDistrict4,95
team_arrow/rcv_elections_database,single,Berkeley_11032020_MemberCityCouncilDist2BerkeleyRCV.csv,Berkeley_11032020_MemberCityCouncilDist2BerkeleyRCV_tab1,95
team_arrow/rcv_elections_database,single,Berkeley_11032020_MemberCityCouncilDist3BerkeleyRCV.csv,Berkeley_11032020_MemberCityCouncilDist3BerkeleyRCV_tab1,95
team_arrow/rcv_elections_database,single,Berkeley_11032020_MemberCityCouncilDist5BerkeleyRCV.csv,Berkeley_11032020_MemberCityCouncilDist5BerkeleyRCV_tab1,95
team_arrow/rcv_elections_database,single,Berkeley_11032020_MemberCityCouncilDist6BerkeleyRCV.csv,Berkeley_11032020_MemberCityCouncilDist6BerkeleyRCV_tab1,95
team_arrow/rcv_elections_database,single,Berkeley_11062018_CityCouncilDistrict4.csv,Berkeley_11042014_CityCouncilDistrict4,95
team_arrow/rcv_elections_database,single,Maine_06122018_DemocraticPrimaryforGovernor.csv,Maine_06122018_DemocraticPrimaryforGovernor_tab1,95
team_arrow/rcv_elections_database,single,Minneapolis_08112020_Ward6CityCouncilSpecialElection.csv,Minneapolis_08112020_Ward6CityCouncilSpecialElection_tab1,95
team_arrow/rcv_elections_database,single,NewYorkCity_06222021_DEMComptrollerCitywide (Part 1).csv,NewYorkCity_06222021_DEMComptrollerCitywide,95
team_arrow/rcv_elections_database,single,NewYorkCity_06222021_DEMComptrollerCitywide (Part 2).csv,NewYorkCity_06222021_DEMComptrollerCitywide,95
team_arrow/rcv_elections_database,single,NewYorkCity_06222021_DEMMayorCitywide (Part 1).csv,NewYorkCity_06222021_DEMMayorCitywide,95
team_arrow/rcv_elections_database,single,NewYorkCity_06222021_DEMMayorCitywide (Part 2).csv,NewYorkCity_06222021_DEMMayorCitywide,95
team_arrow/rcv_elections_database,single,Oakland_11032020_MemberCityCouncilAtLargeOaklandRCV.csv,Oakland_11032020_MemberCityCouncilAtLargeOaklandRCV_tab1,95
team_arrow/rcv_elections_database,single,Oakland_11032020_MemberCityCouncilDist1OaklandRCV.csv,Oakland_11032020_MemberCityCouncilDist1OaklandRCV_tab1,95
team_arrow/rcv_elections_database,single,Oakland_11032020_MemberCityCouncilDist3OaklandRCV.csv,Oakland_11032020_MemberCityCouncilDist3OaklandRCV_tab1,95
team_arrow/rcv_elections_database,single,Oakland_11032020_MemberCityCouncilDist5OaklandRCV.csv,Oakland_11032020_MemberCityCouncilDist5OaklandRCV_tab1,95
team_arrow/rcv_elections_database,single,Oakland_11032020_MemberCityCouncilDist7OaklandRCV.csv,Oakland_11032020_MemberCityCouncilDist7OaklandRCV_tab1,95
team_arrow/rcv_elections_database,single,Oakland_11032020_SchoolDirectorDist1OaklandRCV.csv,Oakland_11032020_SchoolDirectorDist1OaklandRCV_tab1,95
team_arrow/rcv_elections_database,single,Oakland_11032020_SchoolDirectorDist3OaklandRCV.csv,Oakland_11032020_SchoolDirectorDist3OaklandRCV_tab1,95
team_arrow/rcv_elections_database,single,Oakland_11032020_SchoolDirectorDist5OaklandRCV.csv,Oakland_11032020_SchoolDirectorDist5OaklandRCV_tab1,95
team_arrow/rcv_elections_database,single,Oakland_11032020_SchoolDirectorDist7OaklandRCV.csv,Oakland_11032020_SchoolDirectorDist7OaklandRCV_tab1,95
team_arrow/rcv_elections_database,single,PierceCounty_11042008_CountyAssessorTreasurer.csv,PierceCounty_11042008_CountyAssessorTreasurer_tab1,95
team_arrow/rcv_elections_database,single,PierceCounty_11042008_CountyExecutiveMember.csv,PierceCounty_11042008_CountyExecutiveMember_tab1,95
team_arrow/rcv_elections_database,single,SanFrancisco_06052018_BoardofSupervisorsDistrict8.csv,SanFrancisco_06052018_BoardofSupervisorsDistrict8_tab1,95
team_arrow/rcv_elections_database,single,SanFrancisco_11022004_BoardofSupervisorsDistrict11.csv,SanFrancisco_11022010_BoardofSupervisorsDistrict4,95
team_arrow/rcv_elections_database,single,SanFrancisco_11032020_BOARDOFSUPERVISORSDISTRICT5.csv,SanFrancisco_11032020_BOARDOFSUPERVISORSDISTRICT5_tab1,95
team_arrow/rcv_elections_database,single,SanFrancisco_11032020_BOARDOFSUPERVISORSDISTRICT7.csv,SanFrancisco_11032020_BOARDOFSUPERVISORSDISTRICT7_tab1,95
team_arrow/rcv_elections_database,single,SanFrancisco_11042008_BoardofSupervisorsDistrict1.csv,SanFrancisco_11042008_BoardofSupervisorsDistrict1_tab1,95
team_arrow/rcv_elections_database,single,SanFrancisco_11042008_BoardofSupervisorsDistrict3.csv,SanFrancisco_11042008_BoardofSupervisorsDistrict3_tab1,95
team_arrow/rcv_elections_database,single,SanFrancisco_11042008_BoardofSupervisorsDistrict5.csv,SanFrancisco_11042008_BoardofSupervisorsDistrict5_tab1,95
team_arrow/rcv_elections_database,single,SanFrancisco_11042008_BoardofSupervisorsDistrict7.csv,SanFrancisco_11042008_BoardofSupervisorsDistrict7_tab1,95
team_arrow/rcv_elections_database,single,SanFrancisco_11042008_BoardofSupervisorsDistrict9.csv,SanFrancisco_11042008_BoardofSupervisorsDistrict9_tab1,95
team_arrow/rcv_elections_database,single,SanFrancisco_11052004_BoardofSupervisorsDistrict1.csv,SanFrancisco_11052004_BoardofSupervisorsDistrict1_tab1,95
team_arrow/rcv_elections_database,single,SanFrancisco_11052019_DistrictAttorney.csv,SanFrancisco_11032015_DistrictAttorney,95
team_arrow/rcv_elections_database,single,SanFrancisco_11062018_AssessorRecorder.csv,SanFrancisco_11042014_AssessorRecorder,95
team_arrow/rcv_elections_database,single,SanFrancisco_11072006_BoardofSupervisorsDistrict10.csv,SanFrancisco_11072006_BoardofSupervisorsDistrict10_tab1,95
team_arrow/rcv_elections_database,single,SanFrancisco_11072006_BoardofSupervisorsDistrict2.csv,SanFrancisco_11072006_BoardofSupervisorsDistrict2_tab1,95
team_arrow/rcv_elections_database,single,SanFrancisco_11072006_BoardofSupervisorsDistrict6.csv,SanFrancisco_11072006_BoardofSupervisorsDistrict6_tab1,95
team_arrow/rcv_elections_database,single,SanFrancisco_11072006_BoardofSupervisorsDistrict8.csv,SanFrancisco_11072006_BoardofSupervisorsDistrict8_tab1,95
team_arrow/rcv_elections_database,single,SanFrancisco_11082005_AssessorRecorder.csv,SanFrancisco_11082022_AssessorRecorder,95
team_arrow/rcv_elections_database,single,SanFrancisco_11082011_DistrictAttorney.csv,SanFrancisco_11082022_DistrictAttorney,95
team_arrow/rcv_elections_database,single,SanFrancisco_11082016_BoardofSupervisorsDistrict5.csv,SanFrancisco_11082016_BoardofSupervisorsDistrict5_tab1,95
team_arrow/rcv_elections_database,single,SanFrancisco_11082016_BoardofSupervisorsDistrict7.csv,SanFrancisco_11082016_BoardofSupervisorsDistrict7_tab1,95
team_arrow/rcv_elections_database,single,NewYorkCity_06222021_REPBoroughPresidentQueens.csv,NewYorkCity_06222021_DEMBoroughPresidentQueens,96
team_arrow/rcv_elections_database,single,SanFrancisco_11022004_BoardofSupervisorsDistrict2.csv,SanFrancisco_11042014_BoardofSupervisorsDistrict2,96
team_arrow/rcv_elections_database,single,SanFrancisco_11022004_BoardofSupervisorsDistrict3.csv,SanFrancisco_11022010_BoardofSupervisorsDistrict4,96
team_arrow/rcv_elections_database,single,SanFrancisco_11022004_BoardofSupervisorsDistrict5.csv,SanFrancisco_11022010_BoardofSupervisorsDistrict4,96
team_arrow/rcv_elections_database,single,SanFrancisco_11022004_BoardofSupervisorsDistrict7.csv,SanFrancisco_11022010_BoardofSupervisorsDistrict4,96
team_arrow/rcv_elections_database,single,SanFrancisco_11022004_BoardofSupervisorsDistrict9.csv,SanFrancisco_11022010_BoardofSupervisorsDistrict4,96
team_arrow/rcv_elections_database,single,SanFrancisco_11032015_BoardofSupervisorsDistrict3.csv,SanFrancisco_11062012_BoardofSupervisorsDistrict3,96
team_arrow/rcv_elections_database,single,SanFrancisco_11032020_BOARDOFSUPERVISORSDISTRICT1.csv,SanFrancisco_11062012_BoardofSupervisorsDistrict1,96
team_arrow/rcv_elections_database,single,SanFrancisco_11032020_BOARDOFSUPERVISORSDISTRICT11.csv,SanFrancisco_11032020_BOARDOFSUPERVISORSDISTRICT1_tab1,96
team_arrow/rcv_elections_database,single,SanFrancisco_11032020_BOARDOFSUPERVISORSDISTRICT3.csv,SanFrancisco_11062012_BoardofSupervisorsDistrict3,96
team_arrow/rcv_elections_database,single,SanFrancisco_11032020_BOARDOFSUPERVISORSDISTRICT9.csv,SanFrancisco_11062012_BoardofSupervisorsDistrict9,96
team_arrow/rcv_elections_database,single,SanFrancisco_11042008_BoardofSupervisorsDistrict11.csv,SanFrancisco_11042008_BoardofSupervisorsDistrict1_tab1,96
team_arrow/rcv_elections_database,single,SanFrancisco_11042008_BoardofSupervisorsDistrict4.csv,SanFrancisco_11042014_BoardofSupervisorsDistrict4,96
team_arrow/rcv_elections_database,single,SanFrancisco_11052019_MemberBoardofSupervisorsDistrict5.csv,SanFrancisco_11052019_MemberBoardofSupervisorsDistrict5_tab1,96
team_arrow/rcv_elections_database,single,SanFrancisco_11062018_BoardofSupervisorsDistrict2.csv,SanFrancisco_11042014_BoardofSupervisorsDistrict2,96
team_arrow/rcv_elections_database,single,SanFrancisco_11062018_BoardofSupervisorsDistrict4.csv,SanFrancisco_11042014_BoardofSupervisorsDistrict4,96
team_arrow/rcv_elections_database,single,SanFrancisco_11062018_BoardofSupervisorsDistrict6.csv,SanFrancisco_11042014_BoardofSupervisorsDistrict6,96
team_arrow/rcv_elections_database,single,SanFrancisco_11062018_BoardofSupervisorsDistrict8.csv,SanFrancisco_11042014_BoardofSupervisorsDistrict8,96
team_arrow/rcv_elections_database,single,SanFrancisco_11072006_BoardofSupervisorsDistrict4.csv,SanFrancisco_11022010_BoardofSupervisorsDistrict4,96
team_arrow/rcv_elections_database,single,SanFrancisco_11082016_BoardofSupervisorsDistrict1.csv,SanFrancisco_11062012_BoardofSupervisorsDistrict1,96
team_arrow/rcv_elections_database,single,SanFrancisco_11082016_BoardofSupervisorsDistrict11.csv,SanFrancisco_11082016_BoardofSupervisorsDistrict1_tab1,96
team_arrow/rcv_elections_database,single,SanFrancisco_11082016_BoardofSupervisorsDistrict3.csv,SanFrancisco_11062012_BoardofSupervisorsDistrict3,96
team_arrow/rcv_elections_database,single,SanFrancisco_11082016_BoardofSupervisorsDistrict9.csv,SanFrancisco_11062012_BoardofSupervisorsDistrict9,96
team_arrow/rcv_elections_database,single,SanLeandro_11032020_MemberCityCouncilDist2SanLeandroRCV.csv,SanLeandro_11032020_MemberCityCouncilDist2SanLeandroRCV_tab1,96
team_arrow/rcv_elections_database,single,SanLeandro_11032020_MemberCityCouncilDist4SanLeandroRCV.csv,SanLeandro_11032020_MemberCityCouncilDist4SanLeandroRCV_tab1,96
team_arrow/rcv_elections_database,single,SanLeandro_11032020_MemberCityCouncilDist6SanLeandroRCV.csv,SanLeandro_11032020_MemberCityCouncilDist6SanLeandroRCV_tab1,96
team_arrow/rcv_elections_database,single,Berkeley_11042014_CityCouncilDistrict1.csv,Berkeley_11042014_CityCouncilDistrict4,97
team_arrow/rcv_elections_database,single,Berkeley_11042014_CityCouncilDistrict7.csv,Berkeley_11042014_CityCouncilDistrict4,97
team_arrow/rcv_elections_database,single,Berkeley_11042014_CityCouncilDistrict8.csv,Berkeley_11042014_CityCouncilDistrict4,97
team_arrow/rcv_elections_database,single,LasCruces_11052019_COUNCILORPOSITION2CITYOFLASCRUCESDISTRICT2COUNCILOR.csv,LasCruces_11052019_COUNCILORPOSITION2CITYOFLASCRUCESDISTRICT2COUNCILOR_tab1,97
team_arrow/rcv_elections_database,single,LasCruces_11052019_COUNCILORPOSITION4CITYOFLASCRUCESDISTRICT4COUNCILOR.csv,LasCruces_11052019_COUNCILORPOSITION4CITYOFLASCRUCESDISTRICT4COUNCILOR_tab1,97
team_arrow/rcv_elections_database,single,Maine_07142020_DemocraticCandidateforMaineStateHouseDistrict41.csv,Maine_07142020_DemocraticCandidateforMaineStateHouseDistrict38,97
team_arrow/rcv_elections_database,single,Maine_07142020_DemocraticCandidateforMaineStateHouseDistrict47.csv,Maine_07142020_DemocraticCandidateforMaineStateHouseDistrict38,97
team_arrow/rcv_elections_database,single,Maine_07142020_DemocraticCandidateforMaineStateHouseDistrict49.csv,Maine_07142020_DemocraticCandidateforMaineStateHouseDistrict38,97
team_arrow/rcv_elections_database,single,Maine_07142020_DemocraticCandidateforMaineStateHouseDistrict90.csv,Maine_07142020_DemocraticCandidateforMaineStateHouseDistrict38,97
team_arrow/rcv_elections_database,single,Maine_07142020_DemocraticCandidateforMaineStateSenateDistrict11.csv,Maine_07142020_DemocraticCandidateforMaineStateSenateDistrict29,97
team_arrow/rcv_elections_database,single,Maine_07142020_RepublicanCandidateforUSHouseofRepresentativesDistrict2.csv,Maine_07142020_RepublicanCandidateforUSHouseofRepresentativesDistrict2_tab1,97
team_arrow/rcv_elections_database,single,Portland_06142022_Schoolboarddistrict5-1.csv,Portland_06142022_SchoolBoardDistrict5,97
team_arrow/rcv_elections_database,single,SanFrancisco_11022010_BoardofSupervisorsDistrict10.csv,SanFrancisco_11022010_BoardofSupervisorsDistrict4,97
team_arrow/rcv_elections_database,single,SanFrancisco_11042014_BoardofSupervisorsDistrict10.csv,SanFrancisco_11042014_BoardofSupervisorsDistrict2,97
team_arrow/rcv_elections_database,single,SanFrancisco_11052019_CityAttorney.csv,SanFrancisco_11052013_CityAttorney,97
team_arrow/rcv_elections_database,single,SanFrancisco_11052019_Treasurer.csv,SanFrancisco_11052013_Treasurer,97
team_arrow/rcv_elections_database,single,SanFrancisco_11062018_BoardofSupervisorsDistrict10.csv,SanFrancisco_11062012_BoardofSupervisorsDistrict1,97
team_arrow/rcv_elections_database,single,SantaFe_03062018_CityCouncilDistrict4.csv,SantaFe_03062018_CityCouncilDistrict1,97
team_arrow/rcv_elections_database,single,StLouisPark_11022021_CityCouncilWard1.csv,StLouisPark_11022021_CityCouncilWard3,97
team_arrow/rcv_elections_database,single,StLouisPark_11022021_CityCouncilWard2.csv,StLouisPark_11022021_CityCouncilWard3,97
team_arrow/rcv_elections_database,single,StLouisPark_11022021_CityCouncilWard4.csv,StLouisPark_11022021_CityCouncilWard3,97
team_arrow/rcv_elections_database,single,PierceCounty_11042008_CountyCouncilDistrict2.csv,PierceCounty_11042008_CountyCouncilDistrict3,98
team_arrow/rcv_elections_database,single,SanFrancisco_11022010_BoardofSupervisorsDistrict2.csv,SanFrancisco_11022010_BoardofSupervisorsDistrict4,98
team_arrow/rcv_elections_database,single,SanFrancisco_11022010_BoardofSupervisorsDistrict6.csv,SanFrancisco_11022010_BoardofSupervisorsDistrict4,98
team_arrow/rcv_elections_database,single,SanFrancisco_11022010_BoardofSupervisorsDistrict8.csv,SanFrancisco_11022010_BoardofSupervisorsDistrict4,98
team_arrow/rcv_elections_database,single,SanFrancisco_11062012_BoardofSupervisorsDistrict5.csv,SanFrancisco_11062012_BoardofSupervisorsDistrict1,98
team_arrow/rcv_elections_database,single,SanFrancisco_11062012_BoardofSupervisorsDistrict7.csv,SanFrancisco_11062012_BoardofSupervisorsDistrict1,98
team_arrow/rcv_elections_database,proportional,Eastpointe_11022021_CityCouncil.csv,Eastpointe_11022021_CityCouncil,100
team_arrow/rcv_elections_database,proportional,Minneapolis_11022021_BoardofEstimateandTaxationAtLarge.csv,Minneapolis_11022021_BoardofEstimateandTaxationAtLarge,100
team_arrow/rcv_elections_database,sequential,Genola_11022021_CityCouncil.csv,Genola_11022021_CityCouncil,100
team_arrow/rcv_elections_database,sequential,Lehi_11022021_CityCouncil.csv,Lehi_11022021_CityCouncil,100
team_arrow/rcv_elections_database,sequential,Moab_11022021_CityCouncil.csv,Moab_11022021_CityCouncil,100
team_arrow/rcv_elections_database,sequential,Payson_11052019_CityCouncil_tab1.csv,Payson_11052019_CityCouncil_tab1,100
team_arrow/rcv_elections_database,sequential,Payson_11052019_CityCouncil_tab2.csv,Payson_11052019_CityCouncil_tab2,100
team_arrow/rcv_elections_database,sequential,Payson_11052019_CityCouncil_tab3.csv,Payson_11052019_CityCouncil_tab3,100
team_arrow/rcv_elections_database,sequential,Springville_11022021_CityCouncil4yr.csv,Springville_11022021_CityCouncil4yr,100
team_arrow/rcv_elections_database,sequential,Vineyard_11022021_CityCouncil.csv,Vineyard_11022021_CityCouncil,100
team_arrow/rcv_elections_database,sequential,Vineyard_11052019_CityCouncil_tab1.csv,Vineyard_11052019_CityCouncil_tab1,100
team_arrow/rcv_elections_database,sequential,Vineyard_11052019_CityCouncil_tab2.csv,Vineyard_11052019_CityCouncil_tab2,100
team_arrow/rcv_elections_database,sequential,WoodlandHills_11022021_CityCouncil.csv,WoodlandHills_11022021_CityCouncil,100
team_arrow/rcv_elections_database,single,Alaska_08162022_HouseofRepresentativesSpecial.csv,Alaska_08162022_HouseofRepresentativesSpecial,100
team_arrow/rcv_elections_database,single,Alaska_11082022_GovernorLieutenantGovernor.csv,Alaska_11082022_GovernorLieutenantGovernor,100
team_arrow/rcv_elections_database,single,Alaska_11082022_HouseDistrict1.csv,Alaska_11082022_HouseDistrict1,100
team_arrow/rcv_elections_database,single,Alaska_11082022_HouseDistrict10.csv,Alaska_11082022_HouseDistrict10,100
team_arrow/rcv_elections_database,single,Alaska_11082022_HouseDistrict11.csv,Alaska_11082022_HouseDistrict11,100
team_arrow/rcv_elections_database,single,Alaska_11082022_HouseDistrict12.csv,Alaska_11082022_HouseDistrict12,100
team_arrow/rcv_elections_database,single,Alaska_11082022_HouseDistrict13.csv,Alaska_11082022_HouseDistrict13,100
team_arrow/rcv_elections_database,single,Alaska_11082022_HouseDistrict14.csv,Alaska_11082022_HouseDistrict14,100
team_arrow/rcv_elections_database,single,Alaska_11082022_HouseDistrict15.csv,Alaska_11082022_HouseDistrict15,100
team_arrow/rcv_elections_database,single,Alaska_11082022_HouseDistrict16.csv,Alaska_11082022_HouseDistrict16,100
team_arrow/rcv_elections_database,single,Alaska_11082022_HouseDistrict17.csv,Alaska_11082022_HouseDistrict17,100
team_arrow/rcv_elections_database,single,Alaska_11082022_HouseDistrict18.csv,Alaska_11082022_HouseDistrict18,100
team_arrow/rcv_elections_database,single,Alaska_11082022_HouseDistrict19.csv,Alaska_11082022_HouseDistrict19,100
team_arrow/rcv_elections_database,single,Alaska_11082022_HouseDistrict2.csv,Alaska_11082022_HouseDistrict2,100
team_arrow/rcv_elections_database,single,Alaska_11082022_HouseDistrict20.csv,Alaska_11082022_HouseDistrict20,100
team_arrow/rcv_elections_database,single,Alaska_11082022_HouseDistrict21.csv,Alaska_11082022_HouseDistrict21,100
team_arrow/rcv_elections_database,single,Alaska_11082022_HouseDistrict22.csv,Alaska_11082022_HouseDistrict22,100
team_arrow/rcv_elections_database,single,Alaska_11082022_HouseDistrict23.csv,Alaska_11082022_HouseDistrict23,100
team_arrow/rcv_elections_database,single,Alaska_11082022_HouseDistrict24.csv,Alaska_11082022_HouseDistrict24,100
team_arrow/rcv_elections_database,single,Alaska_11082022_HouseDistrict25.csv,Alaska_11082022_HouseDistrict25,100
team_arrow/rcv_elections_database,single,Alaska_11082022_HouseDistrict26.csv,Alaska_11082022_HouseDistrict26,100
team_arrow/rcv_elections_database,single,Alaska_11082022_HouseDistrict27.csv,Alaska_11082022_HouseDistrict27,100
team_arrow/rcv_elections_database,single,Alaska_11082022_HouseDistrict28.csv,Alaska_11082022_HouseDistrict28,100
team_arrow/rcv_elections_database,single,Alaska_11082022_HouseDistrict29.csv,Alaska_11082022_HouseDistrict29,100
team_arrow/rcv_elections_database,single,Alaska_11082022_HouseDistrict3.csv,Alaska_11082022_HouseDistrict3,100
team_arrow/rcv_elections_database,single,Alaska_11082022_HouseDistrict30.csv,Alaska_11082022_HouseDistrict30,100
team_arrow/rcv_elections_database,single,Alaska_11082022_HouseDistrict31.csv,Alaska_11082022_HouseDistrict31,100
team_arrow/rcv_elections_database,single,Alaska_11082022_HouseDistrict32.csv,Alaska_11082022_HouseDistrict32,100
team_arrow/rcv_elections_database,single,Alaska_11082022_HouseDistrict33.csv,Alaska_11082022_HouseDistrict33,100
team_arrow/rcv_elections_database,single,Alaska_11082022_HouseDistrict34.csv,Alaska_11082022_HouseDistrict34,100
team_arrow/rcv_elections_database,single,Alaska_11082022_HouseDistrict35.csv,Alaska_11082022_HouseDistrict35,100
team_arrow/rcv_elections_database,single,Alaska_11082022_HouseDistrict36.csv,Alaska_11082022_HouseDistrict36,100
team_arrow/rcv_elections_database,single,Alaska_11082022_HouseDistrict37.csv,Alaska_11082022_HouseDistrict37,100
team_arrow/rcv_elections_database,single,Alaska_11082022_HouseDistrict38.csv,Alaska_11082022_HouseDistrict38,100
team_arrow/rcv_elections_database,single,Alaska_11082022_HouseDistrict39.csv,Alaska_11082022_HouseDistrict39,100
team_arrow/rcv_elections_database,single,Alaska_11082022_HouseDistrict4.csv,Alaska_11082022_HouseDistrict4,100
team_arrow/rcv_elections_database,single,Alaska_11082022_HouseDistrict40.csv,Alaska_11082022_HouseDistrict40,100
team_arrow/rcv_elections_database,single,Alaska_11082022_HouseDistrict5.csv,Alaska_11082022_HouseDistrict5,100
team_arrow/rcv_elections_database,single,Alaska_11082022_HouseDistrict6.csv,Alaska_11082022_HouseDistrict6,100
team_arrow/rcv_elections_database,single,Alaska_11082022_HouseDistrict7.csv,Alaska_11082022_HouseDistrict7,100
team_arrow/rcv_elections_database,single,Alaska_11082022_HouseDistrict8.csv,Alaska_11082022_HouseDistrict8,100
team_arrow/rcv_elections_database,single,Alaska_11082022_HouseDistrict9.csv,Alaska_11082022_HouseDistrict9,100
team_arrow/rcv_elections_database,single,Alaska_11082022_SenateDistrictA.csv,Alaska_11082022_SenateDistrictA,100
team_arrow/rcv_elections_database,single,Alaska_11082022_SenateDistrictB.csv,Alaska_11082022_SenateDistrictB,100
team_arrow/rcv_elections_database,single,Alaska_11082022_SenateDistrictC.csv,Alaska_11082022_SenateDistrictC,100
team_arrow/rcv_elections_database,single,Alaska_11082022_SenateDistrictD.csv,Alaska_11082022_SenateDistrictD,100
team_arrow/rcv_elections_database,single,Alaska_11082022_SenateDistrictE.csv,Alaska_11082022_SenateDistrictE,100
team_arrow/rcv_elections_database,single,Alaska_11082022_SenateDistrictF.csv,Alaska_11082022_SenateDistrictF,100
team_arrow/rcv_elections_database,single,Alaska_11082022_SenateDistrictG.csv,Alaska_11082022_SenateDistrictG,100
team_arrow/rcv_elections_database,single,Alaska_11082022_SenateDistrictH.csv,Alaska_11082022_SenateDistrictH,100
team_arrow/rcv_elections_database,single,Alaska_11082022_SenateDistrictI.csv,Alaska_11082022_SenateDistrictI,100
team_arrow/rcv_elections_database,single,Alaska_11082022_SenateDistrictJ.csv,Alaska_11082022_SenateDistrictJ,100
team_arrow/rcv_elections_database,single,Alaska_11082022_SenateDistrictK.csv,Alaska_11082022_SenateDistrictK,100
team_arrow/rcv_elections_database,single,Alaska_11082022_SenateDistrictL.csv,Alaska_11082022_SenateDistrictL,100
team_arrow/rcv_elections_database,single,Alaska_11082022_SenateDistrictM.csv,Alaska_11082022_SenateDistrictM,100
team_arrow/rcv_elections_database,single,Alaska_11082022_SenateDistrictN.csv,Alaska_11082022_SenateDistrictN,100
team_arrow/rcv_elections_database,single,Alaska_11082022_SenateDistrictO.csv,Alaska_11082022_SenateDistrictO,100
team_arrow/rcv_elections_database,single,Alaska_11082022_SenateDistrictP.csv,Alaska_11082022_SenateDistrictP,100
team_arrow/rcv_elections_database,single,Alaska_11082022_SenateDistrictQ.csv,Alaska_11082022_SenateDistrictQ,100
team_arrow/rcv_elections_database,single,Alaska_11082022_SenateDistrictR.csv,Alaska_11082022_SenateDistrictR,100
team_arrow/rcv_elections_database,single,Alaska_11082022_SenateDistrictS.csv,Alaska_11082022_SenateDistrictS,100
team_arrow/rcv_elections_database,single,Alaska_11082022_USRepresentative.csv,Alaska_11082022_USRepresentative,100
team_arrow/rcv_elections_database,single,Alaska_11082022_USSenator.csv,Alaska_11082022_USSenator,100
team_arrow/rcv_elections_database,single,Burlington_03072023_CityCouncilCentralDistrict.csv,Burlington_03072023_CityCouncilCentralDistrict,100
team_arrow/rcv_elections_database,single,Burlington_03072023_CityCouncilEastDistrict.csv,Burlington_03072023_CityCouncilEastDistrict,100
team_arrow/rcv_elections_database,single,Burlington_03072023_CityCouncilNorthDistrict.csv,Burlington_03072023_CityCouncilNorthDistrict,100
team_arrow/rcv_elections_database,single,Burlington_03072023_CityCouncilSouthDistrict.csv,Burlington_03072023_CityCouncilSouthDistrict,100
team_arrow/rcv_elections_database,single,Corvallis_11082022_CityCouncilWard9.csv,Corvallis_11082022_CityCouncilWard9,100
team_arrow/rcv_elections_database,single,Corvallis_11082022_Mayor.csv,Corvallis_11082022_Mayor,100
team_arrow/rcv_elections_database,single,ElkRidge_11022021_Mayor.csv,ElkRidge_11022021_Mayor,100
team_arrow/rcv_elections_database,single,Maine_11082022_CongressionalDistrict2.csv,Maine_11082022_CongressionalDistrict2,100
team_arrow/rcv_elections_database,single,Minneapolis_11022021_CityCouncilWard1.csv,Minneapolis_11022021_CityCouncilWard1,100
team_arrow/rcv_elections_database,single,Minneapolis_11022021_CityCouncilWard10.csv,Minneapolis_11022021_CityCouncilWard10,100
team_arrow/rcv_elections_database,single,Minneapolis_11022021_CityCouncilWard11.csv,Minneapolis_11022021_CityCouncilWard11,100
team_arrow/rcv_elections_database,single,Minneapolis_11022021_CityCouncilWard12.csv,Minneapolis_11022021_CityCouncilWard12,100
team_arrow/rcv_elections_database,single,Minneapolis_11022021_CityCouncilWard13.csv,Minneapolis_11022021_CityCouncilWard13,100
team_arrow/rcv_elections_database,single,Minneapolis_11022021_CityCouncilWard2.csv,Minneapolis_11022021_CityCouncilWard2,100
team_arrow/rcv_elections_database,single,Minneapolis_11022021_CityCouncilWard3.csv,Minneapolis_11022021_CityCouncilWard3,100
team_arrow/rcv_elections_database,single,Minneapolis_11022021_CityCouncilWard4.csv,Minneapolis_11022021_CityCouncilWard4,100
team_arrow/rcv_elections_database,single,Minneapolis_11022021_CityCouncilWard5.csv,Minneapolis_11022021_CityCouncilWard5,100
team_arrow/rcv_elections_database,single,Minneapolis_11022021_CityCouncilWard6.csv,Minneapolis_11022021_CityCouncilWard6,100
team_arrow/rcv_elections_database,single,Minneapolis_11022021_CityCouncilWard7.csv,Minneapolis_11022021_CityCouncilWard7,100
team_arrow/rcv_elections_database,single,Minneapolis_11022021_CityCouncilWard8.csv,Minneapolis_11022021_CityCouncilWard8,100
team_arrow/rcv_elections_database,single,Minneapolis_11022021_CityCouncilWard9.csv,Minneapolis_11022021_CityCouncilWard9,100
team_arrow/rcv_elections_database,single,Minneapolis_11022021_Mayor.csv,Minneapolis_11022021_Mayor,100
team_arrow/rcv_elections_database,single,Minneapolis_11022021_ParkBoardDistrict1.csv,Minneapolis_11022021_ParkBoardDistrict1,100
team_arrow/rcv_elections_database,single,Minneapolis_11022021_ParkBoardDistrict2.csv,Minneapolis_11022021_ParkBoardDistrict2,100
team_arrow/rcv_elections_database,single,Minneapolis_11022021_ParkBoardDistrict3.csv,Minneapolis_11022021_ParkBoardDistrict3,100
team_arrow/rcv_elections_database,single,Minneapolis_11022021_ParkBoardDistrict4.csv,Minneapolis_11022021_ParkBoardDistrict4,100
team_arrow/rcv_elections_database,single,Minneapolis_11022021_ParkBoardDistrict5.csv,Minneapolis_11022021_ParkBoardDistrict5,100
team_arrow/rcv_elections_database,single,Minneapolis_11022021_ParkBoardDistrict6.csv,Minneapolis_11022021_ParkBoardDistrict6,100
team_arrow/rcv_elections_database,single,Minnetonka_11022021_CityCouncilAtLargeSeatA.csv,Minnetonka_11022021_CityCouncilAtLargeSeatA,100
team_arrow/rcv_elections_database,single,Minnetonka_11022021_CityCouncilAtLargeSeatB.csv,Minnetonka_11022021_CityCouncilAtLargeSeatB,100
team_arrow/rcv_elections_database,single,Minnetonka_11022021_Mayor.csv,Minnetonka_11022021_Mayor,100
team_arrow/rcv_elections_database,single,NewYorkCity_06222021_CONCouncilMember19thCouncilDistrict.csv,NewYorkCity_06222021_CONCouncilMember19thCouncilDistrict,100
team_arrow/rcv_elections_database,single,NewYorkCity_06222021_DEMBoroughPresidentBronx.csv,NewYorkCity_06222021_DEMBoroughPresidentBronx,100
team_arrow/rcv_elections_database,single,NewYorkCity_06222021_DEMBoroughPresidentKings.csv,NewYorkCity_06222021_DEMBoroughPresidentKings,100
team_arrow/rcv_elections_database,single,NewYorkCity_06222021_DEMBoroughPresidentNewYork.csv,NewYorkCity_06222021_DEMBoroughPresidentNewYork,100
team_arrow/rcv_elections_database,single,NewYorkCity_06222021_DEMBoroughPresidentQueens.csv,NewYorkCity_06222021_DEMBoroughPresidentQueens,100
team_arrow/rcv_elections_database,single,NewYorkCity_06222021_DEMBoroughPresidentRichmond.csv,NewYorkCity_06222021_DEMBoroughPresidentRichmond,100
team_arrow/rcv_elections_database,single,NewYorkCity_06222021_DEMCouncilMember10thCouncilDistrict.csv,NewYorkCity_06222021_DEMCouncilMember10thCouncilDistrict,100
team_arrow/rcv_elections_database,single,NewYorkCity_06222021_DEMCouncilMember11thCouncilDistrict.csv,NewYorkCity_06222021_DEMCouncilMember11thCouncilDistrict,100
team_arrow/rcv_elections_database,single,NewYorkCity_06222021_DEMCouncilMember12thCouncilDistrict.csv,NewYorkCity_06222021_DEMCouncilMember12thCouncilDistrict,100
team_arrow/rcv_elections_database,single,NewYorkCity_06222021_DEMCouncilMember13thCouncilDistrict.csv,NewYorkCity_06222021_DEMCouncilMember13thCouncilDistrict,100
team_arrow/rcv_elections_database,single,NewYorkCity_06222021_DEMCouncilMember14thCouncilDistrict.csv,NewYorkCity_06222021_DEMCouncilMember14thCouncilDistrict,100
team_arrow/rcv_elections_database,single,NewYorkCity_06222021_DEMCouncilMember15thCouncilDistrict.csv,NewYorkCity_06222021_DEMCouncilMember15thCouncilDistrict,100
team_arrow/rcv_elections_database,single,NewYorkCity_06222021_DEMCouncilMember16thCouncilDistrict.csv,NewYorkCity_06222021_DEMCouncilMember16thCouncilDistrict,100
team_arrow/rcv_elections_database,single,NewYorkCity_06222021_DEMCouncilMember17thCouncilDistrict.csv,NewYorkCity_06222021_DEMCouncilMember17thCouncilDistrict,100
team_arrow/rcv_elections_database,single,NewYorkCity_06222021_DEMCouncilMember18thCouncilDistrict.csv,NewYorkCity_06222021_DEMCouncilMember18thCouncilDistrict,100
team_arrow/rcv_elections_database,single,NewYorkCity_06222021_DEMCouncilMember19thCouncilDistrict.csv,NewYorkCity_06222021_DEMCouncilMember19thCouncilDistrict,100
team_arrow/rcv_elections_database,single,NewYorkCity_06222021_DEMCouncilMember1stCouncilDistrict.csv,NewYorkCity_06222021_DEMCouncilMember1stCouncilDistrict,100
team_arrow/rcv_elections_database,single,NewYorkCity_06222021_DEMCouncilMember20thCouncilDistrict.csv,NewYorkCity_06222021_DEMCouncilMember20thCouncilDistrict,100
team_arrow/rcv_elections_database,single,NewYorkCity_06222021_DEMCouncilMember21stCouncilDistrict.csv,NewYorkCity_06222021_DEMCouncilMember21stCouncilDistrict,100
team_arrow/rcv_elections_database,single,NewYorkCity_06222021_DEMCouncilMember22ndCouncilDistrict.csv,NewYorkCity_06222021_DEMCouncilMember22ndCouncilDistrict,100
team_arrow/rcv_elections_database,single,NewYorkCity_06222021_DEMCouncilMember23rdCouncilDistrict.csv,NewYorkCity_06222021_DEMCouncilMember23rdCouncilDistrict,100
team_arrow/rcv_elections_database,single,NewYorkCity_06222021_DEMCouncilMember24thCouncilDistrict.csv,NewYorkCity_06222021_DEMCouncilMember24thCouncilDistrict,100
team_arrow/rcv_elections_database,single,NewYorkCity_06222021_DEMCouncilMember25thCouncilDistrict.csv,NewYorkCity_06222021_DEMCouncilMember25thCouncilDistrict,100
team_arrow/rcv_elections_database,single,NewYorkCity_06222021_DEMCouncilMember26thCouncilDistrict.csv,NewYorkCity_06222021_DEMCouncilMember26thCouncilDistrict,100
team_arrow/rcv_elections_database,single,NewYorkCity_06222021_DEMCouncilMember27thCouncilDistrict.csv,NewYorkCity_06222021_DEMCouncilMember27thCouncilDistrict,100
team_arrow/rcv_elections_database,single,NewYorkCity_06222021_DEMCouncilMember28thCouncilDistrict.csv,NewYorkCity_06222021_DEMCouncilMember28thCouncilDistrict,100
team_arrow/rcv_elections_database,single,NewYorkCity_06222021_DEMCouncilMember29thCouncilDistrict.csv,NewYorkCity_06222021_DEMCouncilMember29thCouncilDistrict,100
team_arrow/rcv_elections_database,single,NewYorkCity_06222021_DEMCouncilMember2ndCouncilDistrict.csv,NewYorkCity_06222021_DEMCouncilMember2ndCouncilDistrict,100
team_arrow/rcv_elections_database,single,NewYorkCity_06222021_DEMCouncilMember30thCouncilDistrict.csv,NewYorkCity_06222021_DEMCouncilMember30thCouncilDistrict,100
team_arrow/rcv_elections_database,single,NewYorkCity_06222021_DEMCouncilMember31stCouncilDistrict.csv,NewYorkCity_06222021_DEMCouncilMember31stCouncilDistrict,100
team_arrow/rcv_elections_database,single,NewYorkCity_06222021_DEMCouncilMember32ndCouncilDistrict.csv,NewYorkCity_06222021_DEMCouncilMember32ndCouncilDistrict,100
team_arrow/rcv_elections_database,single,NewYorkCity_06222021_DEMCouncilMember33rdCouncilDistrict.csv,NewYorkCity_06222021_DEMCouncilMember33rdCouncilDistrict,100
team_arrow/rcv_elections_database,single,NewYorkCity_06222021_DEMCouncilMember34thCouncilDistrict.csv,NewYorkCity_06222021_DEMCouncilMember34thCouncilDistrict,100
team_arrow/rcv_elections_database,single,NewYorkCity_06222021_DEMCouncilMember35thCouncilDistrict.csv,NewYorkCity_06222021_DEMCouncilMember35thCouncilDistrict,100
team_arrow/rcv_elections_database,single,NewYorkCity_06222021_DEMCouncilMember36thCouncilDistrict.csv,NewYorkCity_06222021_DEMCouncilMember36thCouncilDistrict,100
team_arrow/rcv_elections_database,single,NewYorkCity_06222021_DEMCouncilMember37thCouncilDistrict.csv,NewYorkCity_06222021_DEMCouncilMember37thCouncilDistrict,100
team_arrow/rcv_elections_database,single,NewYorkCity_06222021_DEMCouncilMember38thCouncilDistrict.csv,NewYorkCity_06222021_DEMCouncilMember38thCouncilDistrict,100
team_arrow/rcv_elections_database,single,NewYorkCity_06222021_DEMCouncilMember39thCouncilDistrict.csv,NewYorkCity_06222021_DEMCouncilMember39thCouncilDistrict,100
team_arrow/rcv_elections_database,single,NewYorkCity_06222021_DEMCouncilMember3rdCouncilDistrict.csv,NewYorkCity_06222021_DEMCouncilMember3rdCouncilDistrict,100
team_arrow/rcv_elections_database,single,NewYorkCity_06222021_DEMCouncilMember40thCouncilDistrict.csv,NewYorkCity_06222021_DEMCouncilMember40thCouncilDistrict,100
team_arrow/rcv_elections_database,single,NewYorkCity_06222021_DEMCouncilMember41stCouncilDistrict.csv,NewYorkCity_06222021_DEMCouncilMember41stCouncilDistrict,100
team_arrow/rcv_elections_database,single,NewYorkCity_06222021_DEMCouncilMember42ndCouncilDistrict.csv,NewYorkCity_06222021_DEMCouncilMember42ndCouncilDistrict,100
team_arrow/rcv_elections_database,single,NewYorkCity_06222021_DEMCouncilMember45thCouncilDistrict.csv,NewYorkCity_06222021_DEMCouncilMember45thCouncilDistrict,100
team_arrow/rcv_elections_database,single,NewYorkCity_06222021_DEMCouncilMember46thCouncilDistrict.csv,NewYorkCity_06222021_DEMCouncilMember46thCouncilDistrict,100
team_arrow/rcv_elections_database,single,NewYorkCity_06222021_DEMCouncilMember47thCouncilDistrict.csv,NewYorkCity_06222021_DEMCouncilMember47thCouncilDistrict,100
team_arrow/rcv_elections_database,single,NewYorkCity_06222021_DEMCouncilMember48thCouncilDistrict.csv,NewYorkCity_06222021_DEMCouncilMember48thCouncilDistrict,100
team_arrow/rcv_elections_database,single,NewYorkCity_06222021_DEMCouncilMember49thCouncilDistrict.csv,NewYorkCity_06222021_DEMCouncilMember49thCouncilDistrict,100
team_arrow/rcv_elections_database,single,NewYorkCity_06222021_DEMCouncilMember5thCouncilDistrict.csv,NewYorkCity_06222021_DEMCouncilMember5thCouncilDistrict,100
team_arrow/rcv_elections_database,single,NewYorkCity_06222021_DEMCouncilMember6thCouncilDistrict.csv,NewYorkCity_06222021_DEMCouncilMember6thCouncilDistrict,100
team_arrow/rcv_elections_database,single,NewYorkCity_06222021_DEMCouncilMember7thCouncilDistrict.csv,NewYorkCity_06222021_DEMCouncilMember7thCouncilDistrict,100
team_arrow/rcv_elections_database,single,NewYorkCity_06222021_DEMCouncilMember8thCouncilDistrict.csv,NewYorkCity_06222021_DEMCouncilMember8thCouncilDistrict,100
team_arrow/rcv_elections_database,single,NewYorkCity_06222021_DEMCouncilMember9thCouncilDistrict.csv,NewYorkCity_06222021_DEMCouncilMember9thCouncilDistrict,100
team_arrow/rcv_elections_database,single,NewYorkCity_06222021_DEMPublicAdvocateCitywide.csv,NewYorkCity_06222021_DEMPublicAdvocateCitywide,100
team_arrow/rcv_elections_database,single,NewYorkCity_06222021_REPBoroughPresidentRichmond.csv,NewYorkCity_06222021_REPBoroughPresidentRichmond,100
team_arrow/rcv_elections_database,single,NewYorkCity_06222021_REPCouncilMember15thCouncilDistrict.csv,NewYorkCity_06222021_REPCouncilMember15thCouncilDistrict,100
team_arrow/rcv_elections_database,single,NewYorkCity_06222021_REPCouncilMember19thCouncilDistrict.csv,NewYorkCity_06222021_REPCouncilMember19thCouncilDistrict,100
team_arrow/rcv_elections_database,single,NewYorkCity_06222021_REPCouncilMember23rdCouncilDistrict.csv,NewYorkCity_06222021_REPCouncilMember23rdCouncilDistrict,100
team_arrow/rcv_elections_database,single,NewYorkCity_06222021_REPCouncilMember24thCouncilDistrict.csv,NewYorkCity_06222021_REPCouncilMember24thCouncilDistrict,100
team_arrow/rcv_elections_database,single,NewYorkCity_06222021_REPCouncilMember32ndCouncilDistrict.csv,NewYorkCity_06222021_REPCouncilMember32ndCouncilDistrict,100
team_arrow/rcv_elections_database,single,NewYorkCity_06222021_REPCouncilMember50thCouncilDistrict.csv,NewYorkCity_06222021_REPCouncilMember50thCouncilDistrict,100
team_arrow/rcv_elections_database,single,NewYorkCity_06222021_REPMayorCitywide.csv,NewYorkCity_06222021_REPMayorCitywide,100
team_arrow/rcv_elections_database,single,Oakland_11082022_CityAuditor.csv,Oakland_11082022_CityAuditor,100
team_arrow/rcv_elections_database,single,Oakland_11082022_CityCouncilmemberDistrict4.csv,Oakland_11082022_CityCouncilmemberDistrict4,100
team_arrow/rcv_elections_database,single,Oakland_11082022_CityCouncilmemberDistrict6.csv,Oakland_11082022_CityCouncilmemberDistrict6,100
team_arrow/rcv_elections_database,single,Oakland_11082022_Mayor.csv,Oakland_11082022_Mayor,100
team_arrow/rcv_elections_database,single,Oakland_11082022_Schoolboarddistrict2.csv,Oakland_11082022_Schoolboarddistrict2,100
team_arrow/rcv_elections_database,single,Oakland_11082022_Schoolboarddistrict4.csv,Oakland_11082022_Schoolboarddistrict4,100
team_arrow/rcv_elections_database,single,Oakland_11082022_Schoolboarddistrict6.csv,Oakland_11082022_Schoolboarddistrict6,100
team_arrow/rcv_elections_database,single,Portland_06142022_Schoolboarddistrict5.csv,Portland_06142022_SchoolBoardDistrict5,100
team_arrow/rcv_elections_database,single,Portland_11082022_SchoolBoardDistrict3.csv,Portland_11082022_SchoolBoardDistrict3,100
team_arrow/rcv_elections_database,single,SanFrancisco_11082022_AssessorRecorder.csv,SanFrancisco_11082022_AssessorRecorder,100
team_arrow/rcv_elections_database,single,SanFrancisco_11082022_BoardofSupervisorsD10.csv,SanFrancisco_11082022_BoardofSupervisorsD10,100
team_arrow/rcv_elections_database,single,SanFrancisco_11082022_BoardofSupervisorsD2.csv,SanFrancisco_11082022_BoardofSupervisorsD2,100
team_arrow/rcv_elections_database,single,SanFrancisco_11082022_BoardofSupervisorsD4.csv,SanFrancisco_11082022_BoardofSupervisorsD4,100
team_arrow/rcv_elections_database,single,SanFrancisco_11082022_BoardofSupervisorsD6.csv,SanFrancisco_11082022_BoardofSupervisorsD6,100
team_arrow/rcv_elections_database,single,SanFrancisco_11082022_BoardofSupervisorsD8.csv,SanFrancisco_11082022_BoardofSupervisorsD8,100
team_arrow/rcv_elections_database,single,SanFrancisco_11082022_DistrictAttorney.csv,SanFrancisco_11082022_DistrictAttorney,100
team_arrow/rcv_elections_database,single,SanFrancisco_11082022_PublicDefender.csv,SanFrancisco_11082022_PublicDefender,100
team_arrow/rcv_elections_database,single,SantaFe_03062018_CityCouncilDistrict2.csv,SantaFe_03062018_CityCouncilDistrict2,100
team_arrow/rcv_elections_database,single,Springville_11022021_CityCouncil2yr.csv,Springville_11022021_CityCouncil2yr,100
team_arrow/rcv_elections_database,single,Springville_11022021_Mayor.csv,Springville_11022021_Mayor,100
team_arrow/rcv_elections_database,single,StLouisPark_11022021_CityCouncilWard3.csv,StLouisPark_11022021_CityCouncilWard3,100
team_arrow/rcv_elections_database,single,TakomaPark_11082022_CityCouncilWard1.csv,TakomaPark_11082022_CityCouncilWard1,100
team_arrow/rcv_elections_database,single,TakomaPark_11082022_CityCouncilWard2.csv,TakomaPark_11082022_CityCouncilWard2,100
team_arrow/rcv_elections_database,single,TakomaPark_11082022_CityCouncilWard3.csv,TakomaPark_11082022_CityCouncilWard3,100
team_arrow/rcv_elections_database,single,TakomaPark_11082022_CityCouncilWard4.csv,TakomaPark_11082022_CityCouncilWard4,100
team_arrow/rcv_elections_database,single,TakomaPark_11082022_CityCouncilWard5.csv,TakomaPark_11082022_CityCouncilWard5,100
team_arrow/rcv_elections_database,single,TakomaPark_11082022_CityCouncilWard6.csv,TakomaPark_11082022_CityCouncilWard6,100
team_arrow/rcv_elections_database,single,TakomaPark_11082022_Mayor.csv,TakomaPark_11082022_Mayor,100
team_arrow/rcv_elections_database,single,Vineyard_11022021_Mayor.csv,Vineyard_11022021_Mayor,100
team_arrow/rcv_elections_database,single,WoodlandHills_11022021_Mayor.csv,WoodlandHills_11022021_Mayor,100